"","duration","credit_amount","installment_rate","present_residence","age","existing_credits","dependents","has_telephone","is_foreign_worker","has_problems_credit_history","purpose_domestic","purpose_retraining","purpose_radio_television","purpose_new_car","purpose_used_car","purpose_business","purpose_repairs","purpose_education","purpose_furniture_equipment","other_debtors_guarantor","other_debtors_co_applicant","other_installment_plans_bank","other_installment_plans_stores","housing_rent","housing_own","job_skilled_employee","job_unskilled_resident","job_highly_qualified_employee","savings","present_employment","property","checking_account_status","is_woman","is_single"
"37",48,6110,1,3,31,1,1,1,1,1,0,1,0,0,0,0,0,0,0,0,0,1,0,0,0,1,0,0,1,2,0,0,0,1
"948",12,2859,4,4,38,1,1,1,1,0,0,0,0,1,0,0,0,0,0,0,0,0,0,0,1,0,0,1,0,0,0,0,0,1
"476",18,3114,1,4,26,1,1,0,1,0,0,0,1,0,0,0,0,0,0,0,0,0,0,1,0,1,0,0,1,1,2,1,1,0
"739",6,6761,1,3,45,2,2,1,1,1,0,0,0,1,0,0,0,0,0,0,0,0,0,0,1,0,0,1,1,5,0,0,0,1
"164",10,7308,2,4,70,1,1,1,1,0,0,0,0,1,0,0,0,0,0,0,0,1,0,0,0,0,0,1,1,0,0,2,0,1
"844",24,1559,4,4,50,1,1,1,1,0,0,0,0,0,0,0,0,0,0,0,0,1,0,0,1,1,0,0,1,5,1,0,0,1
"341",24,5743,2,4,24,2,1,1,1,1,0,1,0,0,0,0,0,0,0,0,0,0,0,0,0,1,0,0,1,1,0,2,1,0
"862",18,2169,4,2,28,1,1,1,1,1,0,0,0,0,0,0,0,0,0,0,0,0,0,0,1,1,0,0,1,2,1,0,0,0
"99",36,2337,4,4,36,1,1,0,1,1,1,0,0,0,0,0,0,0,0,0,0,0,0,0,1,1,0,0,1,7,3,2,0,1
"708",12,2969,4,3,25,2,1,0,1,0,0,0,1,0,0,0,0,0,0,0,0,0,0,1,0,1,0,0,1,1,2,2,1,0
"420",18,1042,4,2,33,1,1,0,1,0,0,0,0,1,0,0,0,0,0,0,0,0,0,0,1,1,0,0,0,2,2,2,1,0
"86",12,1412,4,2,29,2,1,1,1,1,0,0,0,0,0,0,0,0,0,1,0,0,0,0,1,0,0,1,1,2,3,0,1,0
"422",12,2028,4,2,30,1,1,0,1,0,0,0,0,0,1,0,0,0,0,0,0,0,0,0,1,1,0,0,0,2,1,2,0,1
"173",24,2064,3,2,34,1,1,1,1,1,0,0,1,0,0,0,0,0,0,0,0,0,0,0,1,0,0,1,1,0,2,2,1,0
"583",9,1388,4,2,26,1,1,0,1,0,0,0,1,0,0,0,0,0,0,0,0,0,0,1,0,1,0,0,1,2,3,0,1,0
"41",30,2333,4,2,30,1,1,0,1,0,1,0,0,0,0,0,0,0,0,0,0,1,0,0,1,0,0,1,3,7,1,0,0,1
"106",24,11938,2,3,39,2,2,1,1,1,0,0,0,0,0,0,0,0,1,0,1,0,0,0,1,0,0,1,1,2,1,2,0,1
"141",6,709,2,2,27,1,1,0,0,0,0,0,0,1,0,0,0,0,0,0,0,0,0,0,1,0,0,0,4,1,3,3,0,0
"958",9,1154,2,4,37,3,1,0,1,1,1,0,0,0,0,0,0,0,0,0,0,0,0,0,1,0,1,0,1,7,3,2,0,1
"696",6,1236,2,4,50,1,1,0,1,0,0,0,0,0,1,0,0,0,0,0,0,0,0,1,0,1,0,0,3,2,2,0,0,1
"845",18,3422,4,4,47,3,2,1,1,0,0,0,1,0,0,0,0,0,0,0,0,1,0,0,1,1,0,0,1,7,2,0,0,1
"74",42,5954,2,1,41,2,1,0,1,1,0,0,0,0,0,0,0,0,0,0,0,1,0,0,1,0,1,0,1,5,3,2,1,0
"644",24,1851,4,2,33,2,1,1,1,1,1,0,0,0,0,0,0,0,0,1,0,0,0,0,1,1,0,0,1,5,1,0,0,0
"235",4,1544,2,1,42,3,2,0,1,1,1,0,0,0,0,0,0,0,0,0,0,0,0,0,1,0,1,0,1,5,3,0,0,1
"109",24,7721,1,2,30,1,1,1,0,0,0,0,1,0,0,0,0,0,0,0,0,0,0,0,1,1,0,0,0,1,2,1,1,0
"952",36,2145,2,1,24,2,1,1,1,1,0,0,0,0,0,0,0,0,0,0,0,0,0,0,1,1,0,0,1,5,1,1,0,1
"246",24,1258,4,1,25,1,1,1,1,0,0,0,0,0,0,0,0,0,0,0,0,0,0,0,1,1,0,0,1,5,3,0,0,1
"202",12,1168,4,3,27,1,1,0,1,0,0,0,0,1,0,0,0,0,0,0,0,0,0,0,1,0,1,0,1,2,3,1,0,0
"107",18,6458,2,4,39,2,2,1,1,0,0,0,0,1,0,0,0,0,0,0,0,1,0,0,1,0,0,1,1,7,0,0,0,1
"228",12,7865,4,4,53,1,1,1,1,0,0,0,1,0,0,0,0,0,0,0,0,0,0,0,0,0,0,1,1,7,0,1,0,1
"115",12,1680,3,1,35,1,1,0,1,0,1,0,0,0,0,0,0,0,0,0,0,0,0,0,1,1,0,0,3,7,3,1,0,0
"31",18,1913,3,3,36,1,1,1,1,0,0,0,0,0,0,0,0,0,0,0,0,1,0,0,1,1,0,0,4,1,3,2,0,0
"776",24,1371,4,4,25,1,1,0,1,0,0,0,0,1,0,0,0,0,0,0,0,0,0,1,0,1,0,0,0,2,3,1,1,0
"405",18,2899,4,4,43,1,2,0,1,1,0,0,0,1,0,0,0,0,0,0,0,0,0,0,1,1,0,0,0,7,1,2,0,1
"591",12,385,4,3,58,4,1,1,1,1,1,0,0,0,0,0,0,0,0,0,0,0,0,0,1,0,1,0,1,5,3,1,1,0
"597",24,1442,4,4,23,2,1,0,1,0,0,0,0,1,0,0,0,0,0,0,0,0,0,1,0,1,0,0,1,5,1,1,1,0
"942",10,1546,3,2,31,1,2,0,0,0,0,0,0,1,0,0,0,0,0,0,0,0,0,0,1,0,1,0,1,2,3,0,0,1
"947",24,3349,4,4,30,1,2,1,1,0,0,0,1,0,0,0,0,0,0,0,0,0,0,0,0,1,0,0,3,1,0,1,0,1
"651",48,7476,4,1,50,1,1,1,1,0,0,1,0,0,0,0,0,0,0,0,0,0,0,0,0,0,0,1,1,5,0,1,0,1
"267",36,6304,4,4,36,2,1,0,1,1,0,0,0,0,0,0,0,0,0,0,0,0,0,0,1,1,0,0,0,7,3,0,0,1
"28",12,409,3,3,42,2,1,0,1,0,1,0,0,0,0,0,0,0,0,0,0,0,0,1,0,1,0,0,4,2,3,3,1,0
"239",12,1291,4,2,35,2,1,0,1,1,1,0,0,0,0,0,0,0,0,0,0,0,0,0,1,1,0,0,1,2,2,0,1,0
"440",12,609,4,1,26,1,1,0,1,0,0,0,0,0,0,0,0,0,0,0,0,0,0,0,1,0,0,0,1,1,3,3,1,0
"1000",45,4576,3,4,27,1,1,0,1,1,0,0,0,0,1,0,0,0,0,0,0,0,0,0,1,1,0,0,2,0,1,2,0,1
"582",12,3124,1,3,49,2,2,0,1,1,0,0,0,1,0,0,0,0,0,0,0,1,0,0,1,0,1,0,1,1,3,2,0,1
"76",12,1526,4,4,66,2,1,0,1,1,0,0,0,0,1,0,0,0,0,0,0,0,0,0,0,0,0,1,1,7,0,1,0,1
"780",18,3872,2,4,67,1,1,1,1,0,0,0,0,0,0,0,0,1,0,0,0,0,0,0,1,1,0,0,1,0,1,2,1,0
"867",18,2389,4,1,27,1,1,0,1,0,1,0,0,0,0,0,0,0,0,0,0,0,1,0,1,1,0,0,1,1,1,1,1,0
"156",12,1282,2,4,20,1,1,0,1,0,0,0,1,0,0,0,0,0,0,0,0,0,0,1,0,1,0,0,1,2,1,1,1,0
"56",6,783,1,2,26,1,2,0,1,0,0,0,0,1,0,0,0,0,0,1,0,0,1,0,1,0,1,0,0,2,3,0,0,1
"800",9,1549,4,2,35,1,1,0,1,0,0,0,0,1,0,0,0,0,0,0,0,0,0,0,1,0,0,0,0,1,3,2,0,1
"206",30,10623,3,4,38,3,2,1,1,1,0,0,0,0,1,0,0,0,0,0,0,0,0,0,0,0,0,1,1,7,0,1,0,1
"954",36,10974,4,2,26,2,1,1,1,0,0,0,1,0,0,0,0,0,0,0,0,0,0,0,1,0,0,1,1,0,1,0,1,0
"486",6,1209,4,4,47,1,1,1,1,1,0,0,0,1,0,0,0,0,0,0,0,0,0,0,1,0,0,1,1,0,2,2,0,1
"546",24,1333,4,2,43,2,2,0,1,1,0,0,0,1,0,0,0,0,0,0,0,0,0,0,0,1,0,0,1,0,3,1,0,1
"17",24,2424,4,4,53,2,1,0,1,1,1,0,0,0,0,0,0,0,0,0,0,0,0,0,1,1,0,0,0,7,2,0,0,1
"875",12,3590,2,2,29,1,2,0,1,0,0,0,1,0,0,0,0,0,0,0,1,0,0,0,1,0,1,0,1,2,2,1,0,1
"877",18,1940,3,4,36,1,1,1,1,0,1,0,0,0,0,0,0,0,0,0,1,1,0,0,0,0,0,1,1,1,0,1,0,1
"150",18,1582,4,4,46,2,1,0,1,1,1,0,0,0,0,0,0,0,0,0,0,0,0,0,1,1,0,0,4,7,1,0,0,1
"500",6,1323,2,4,28,2,2,1,1,1,0,0,0,1,0,0,0,0,0,0,0,0,0,0,1,1,0,0,2,7,1,3,0,0
"557",18,2278,3,3,28,2,1,0,1,0,0,0,0,1,0,0,0,0,0,0,0,0,0,0,1,1,0,0,2,1,1,2,1,0
"923",9,1366,3,4,22,1,1,0,1,0,1,0,0,0,0,0,0,0,0,0,0,0,0,1,0,1,0,0,1,1,2,1,1,0
"740",30,4280,4,4,26,2,1,0,1,0,0,0,0,0,0,0,0,0,0,0,0,0,0,1,0,0,1,0,2,2,1,2,1,0
"119",33,4281,1,4,23,2,1,0,1,1,0,0,1,0,0,0,0,0,0,0,0,0,0,0,1,1,0,0,3,2,1,1,1,0
"304",10,1038,4,3,49,2,1,1,1,1,0,0,0,1,0,0,0,0,0,0,1,0,0,0,1,1,0,0,1,5,2,1,0,1
"673",60,10366,2,4,42,1,1,1,1,0,0,0,0,1,0,0,0,0,0,0,0,0,0,0,1,0,0,1,1,7,2,0,0,1
"378",7,846,3,4,36,1,1,0,1,1,1,0,0,0,0,0,0,0,0,0,0,0,0,0,0,1,0,0,0,7,0,0,0,1
"715",60,14027,4,2,27,1,1,1,1,0,0,0,0,1,0,0,0,0,0,0,0,0,0,0,1,0,0,1,1,5,0,2,0,1
"273",48,12169,4,4,36,1,1,1,1,0,0,0,0,1,0,0,0,0,0,0,1,0,0,0,0,0,0,1,0,0,0,2,0,1
"886",12,795,4,4,53,1,1,0,1,0,0,1,0,0,0,0,0,0,0,0,0,0,0,0,1,1,0,0,1,1,2,1,1,0
"130",12,3499,3,2,29,2,1,0,1,1,0,0,0,1,0,0,0,0,0,0,1,0,0,0,1,1,0,0,1,2,3,1,1,0
"3",12,2096,2,3,49,1,2,0,1,1,0,1,0,0,0,0,0,0,0,0,0,0,0,0,1,0,1,0,1,5,3,0,0,1
"359",12,776,4,2,28,1,1,0,1,0,1,0,0,0,0,0,0,0,0,0,0,0,0,0,1,1,0,0,1,2,3,0,0,0
"213",27,5293,2,4,50,2,1,1,1,0,0,0,0,0,0,0,0,0,0,0,0,0,1,0,1,1,0,0,1,0,2,1,0,1
"992",15,1569,4,4,34,1,2,0,1,0,1,0,0,0,0,0,0,0,0,0,0,1,0,0,1,0,1,0,2,7,1,0,0,1
"277",18,2404,2,2,26,2,1,0,1,1,1,0,0,0,0,0,0,0,0,0,0,0,0,0,1,1,0,0,1,2,1,0,1,0
"820",18,1345,4,3,26,1,1,0,1,0,1,0,0,0,0,0,0,0,0,0,0,1,0,0,1,1,0,0,1,2,3,1,0,0
"571",24,3234,4,4,23,1,1,1,1,0,0,0,1,0,0,0,0,0,0,0,0,0,0,1,0,0,1,0,1,1,3,1,1,0
"730",24,1275,2,4,36,2,1,1,1,1,0,0,0,0,0,0,0,0,0,0,0,0,0,0,1,1,0,0,4,2,3,3,0,0
"135",60,10144,2,4,21,1,1,1,1,0,1,0,0,0,0,0,0,0,0,0,0,0,0,0,1,1,0,0,2,5,3,0,1,0
"939",60,6288,4,4,42,1,1,0,1,0,0,1,0,0,0,0,0,0,0,0,0,0,0,0,0,1,0,0,1,2,0,2,0,1
"762",18,2124,4,4,24,2,1,0,1,1,0,0,1,0,0,0,0,0,0,0,0,0,0,1,0,1,0,0,1,2,3,1,1,0
"387",18,1126,4,2,21,1,1,1,1,0,1,0,0,0,0,0,0,0,0,0,0,0,0,1,0,1,0,0,0,1,3,0,1,0
"649",24,947,4,3,38,1,2,0,1,0,0,0,0,1,0,0,0,0,0,0,0,1,0,0,0,1,0,0,1,5,0,3,0,1
"570",48,6758,3,2,31,1,1,1,1,0,1,0,0,0,0,0,0,0,0,0,0,0,0,0,1,1,0,0,1,2,1,1,1,0
"127",12,701,4,2,40,1,1,0,1,0,1,0,0,0,0,0,0,0,0,0,0,0,0,0,1,0,1,0,1,2,3,1,0,0
"363",12,2247,2,2,36,2,1,1,1,1,0,0,0,1,0,0,0,0,0,0,0,0,1,0,1,1,0,0,1,2,1,3,1,0
"676",30,4530,4,4,26,1,1,1,1,1,1,0,0,0,0,0,0,0,0,0,0,0,0,1,0,0,0,1,1,5,1,0,1,0
"699",18,1800,4,2,24,2,1,0,1,1,1,0,0,0,0,0,0,0,0,0,0,0,0,0,1,1,0,0,1,2,1,0,0,1
"829",36,8335,3,4,47,1,1,0,1,0,0,0,0,0,1,0,0,0,0,0,0,0,0,0,0,1,0,0,0,7,0,1,0,1
"284",15,1520,4,4,63,1,1,0,1,1,0,0,1,0,0,0,0,0,0,0,0,0,0,0,1,1,0,0,0,7,2,0,0,1
"825",18,3780,3,2,35,2,1,1,1,1,0,0,1,0,0,0,0,0,0,0,0,0,0,0,1,0,0,1,1,1,1,0,0,0
"797",18,7511,1,4,51,1,2,1,1,0,0,0,0,0,1,0,0,0,0,0,0,0,0,0,0,1,0,0,0,7,2,1,0,1
"81",24,5943,1,1,44,2,1,1,1,0,1,0,0,0,0,0,0,0,0,0,0,0,0,0,1,1,0,0,0,1,1,0,1,0
"949",18,1533,4,1,43,1,2,0,1,0,0,0,1,0,0,0,0,0,0,0,1,0,0,0,1,0,1,0,1,1,2,0,0,0
"782",24,1940,4,4,60,1,1,1,1,1,0,0,0,1,0,0,0,0,0,0,0,0,0,0,1,1,0,0,4,7,3,0,0,1
"687",10,1347,4,2,27,2,1,1,1,1,1,0,0,0,0,0,0,0,0,0,0,0,0,0,1,1,0,0,0,5,2,3,0,1
"896",36,8947,3,2,31,1,2,1,1,1,0,0,0,0,1,0,0,0,0,0,0,0,1,0,1,0,0,1,0,5,1,0,0,1
"817",6,1338,1,4,62,1,1,0,1,0,0,0,0,0,0,0,1,0,0,0,0,0,0,0,1,1,0,0,3,2,3,0,0,0
"364",6,1766,1,2,21,1,1,0,1,0,0,0,1,0,0,0,0,0,0,0,0,0,0,1,0,1,0,0,1,2,2,0,0,0
"620",12,640,4,2,49,1,1,0,1,0,0,0,0,1,0,0,0,0,0,0,0,0,0,0,1,0,1,0,1,2,3,0,0,0
"523",48,7119,3,4,53,2,2,0,1,0,0,0,1,0,0,0,0,0,0,0,0,0,0,0,0,1,0,0,1,2,0,1,0,1
"855",36,10875,2,2,45,2,2,1,1,1,0,0,0,1,0,0,0,0,0,0,0,0,0,0,1,1,0,0,1,7,1,0,0,1
"670",30,3017,4,4,47,1,1,0,1,1,1,0,0,0,0,0,0,0,0,0,0,0,0,0,1,1,0,0,1,7,2,3,0,1
"503",9,1126,2,4,49,1,1,0,1,0,1,0,0,0,0,0,0,0,0,0,0,0,0,0,1,1,0,0,2,7,3,3,0,0
"318",24,4351,1,4,48,1,1,1,1,0,0,0,1,0,0,0,0,0,0,0,0,0,0,0,1,0,1,0,0,2,2,2,1,0
"588",12,1289,4,1,21,1,1,0,1,0,0,0,1,0,0,0,0,0,0,1,0,0,0,0,1,0,1,0,1,2,2,1,0,1
"576",15,2788,2,3,24,2,1,0,1,1,0,0,1,0,0,0,0,0,0,0,1,1,0,0,1,1,0,0,1,5,1,0,1,0
"933",9,1224,3,1,30,2,1,0,1,1,0,0,0,1,0,0,0,0,0,0,0,0,0,0,1,1,0,0,1,2,3,0,0,1
"706",15,5324,1,4,35,1,1,0,1,0,0,0,0,1,0,0,0,0,0,0,0,0,0,0,0,1,0,0,3,7,0,0,1,0
"589",18,1217,4,3,47,1,1,1,1,0,0,0,0,0,0,0,1,0,0,0,0,0,0,0,1,0,1,0,1,2,3,1,0,0
"791",21,1188,2,4,39,1,2,0,1,0,0,0,0,0,0,0,0,0,0,0,0,0,0,0,1,1,0,0,1,7,2,2,1,0
"329",36,4473,4,2,31,1,1,0,1,0,1,0,0,0,0,0,0,0,0,0,0,0,0,0,1,1,0,0,1,7,1,3,0,1
"632",18,1553,4,3,44,1,1,0,1,0,0,0,1,0,0,0,0,0,0,0,0,1,0,0,1,1,0,0,1,2,1,1,0,1
"840",24,2611,4,3,46,2,1,0,1,1,1,0,0,0,0,0,0,0,0,0,1,0,0,0,1,1,0,0,1,7,3,0,0,0
"722",6,433,4,2,24,1,2,0,1,0,0,1,0,0,0,0,0,0,0,0,0,1,0,1,0,1,0,0,4,1,2,2,1,0
"510",39,8588,4,2,45,1,1,1,1,0,0,0,0,0,1,0,0,0,0,0,0,0,0,0,1,0,0,1,2,7,1,0,0,1
"311",48,5381,3,4,40,1,1,1,1,0,0,0,0,0,0,0,0,0,1,0,0,1,0,0,0,0,0,0,0,0,0,2,0,1
"430",18,1190,2,4,55,3,2,0,1,1,0,0,0,0,0,0,0,1,0,0,0,0,0,0,0,0,0,0,1,0,0,1,1,0
"441",12,1884,4,4,39,1,1,1,1,0,0,0,0,1,0,0,0,0,0,0,0,0,0,0,1,0,0,1,1,7,1,0,0,1
"657",12,888,4,4,41,1,2,0,1,0,0,0,0,1,0,0,0,0,0,0,0,1,0,0,1,0,1,0,1,7,1,2,0,1
"833",45,11816,2,4,29,2,1,0,1,0,0,0,0,0,0,0,0,0,0,0,0,0,0,1,0,1,0,0,1,7,1,1,0,1
"967",27,2520,4,2,23,2,1,0,1,1,1,0,0,0,0,0,0,0,0,0,0,0,0,0,1,0,1,0,3,2,2,2,0,1
"467",24,1659,4,2,29,1,1,1,1,1,1,0,0,0,0,0,0,0,0,0,0,0,0,1,0,0,1,0,1,1,1,1,1,0
"502",36,5493,2,4,42,1,2,0,1,0,0,0,0,0,1,0,0,0,0,0,0,0,0,0,0,1,0,0,1,7,0,1,0,1
"73",8,1164,3,4,51,2,2,1,1,1,0,0,0,0,0,0,0,0,1,0,0,1,0,0,0,0,0,1,1,7,0,1,0,1
"978",18,2427,4,2,42,2,1,0,1,1,0,0,0,0,0,0,0,0,0,0,0,0,0,0,1,1,0,0,0,7,2,2,0,1
"726",6,250,2,2,41,2,1,0,1,1,0,0,0,1,0,0,0,0,0,0,0,1,0,0,1,0,1,0,4,2,3,0,1,0
"839",24,2957,4,4,63,2,1,1,1,1,0,0,0,0,1,0,0,0,0,0,0,0,0,0,1,1,0,0,1,7,2,1,0,1
"534",24,1311,4,3,26,1,1,1,1,0,1,0,0,0,0,0,0,0,0,0,0,0,0,0,1,1,0,0,2,5,2,0,0,0
"823",36,2712,2,2,41,1,2,0,1,0,0,0,1,0,0,0,0,0,0,0,0,1,0,0,1,1,0,0,1,7,2,1,0,1
"12",48,4308,3,4,24,1,1,0,1,0,0,0,0,0,0,0,0,0,0,0,0,0,0,1,0,1,0,0,1,1,2,1,1,0
"872",6,1343,1,4,46,2,2,0,0,1,0,0,0,1,0,0,0,0,0,0,0,0,0,0,1,1,0,0,1,7,3,3,0,1
"621",21,3652,2,3,27,2,1,0,1,1,0,0,0,0,0,0,0,0,0,0,0,0,0,0,1,1,0,0,1,5,2,2,0,1
"754",30,5771,4,2,25,2,1,0,1,1,1,0,0,0,0,0,0,0,0,0,0,0,0,0,1,1,0,0,1,5,1,0,1,0
"679",24,2384,4,4,64,1,1,0,1,0,1,0,0,0,0,0,0,0,0,0,0,1,0,1,0,0,1,0,1,7,3,1,0,1
"924",12,2002,3,4,30,1,2,1,1,0,0,0,0,1,0,0,0,0,0,0,0,0,0,1,0,1,0,0,1,5,2,2,0,1
"493",6,1237,1,1,27,2,1,0,1,1,1,0,0,0,0,0,0,0,0,0,0,0,0,0,1,1,0,0,2,2,2,0,1,0
"892",15,1829,4,4,46,2,1,1,1,1,1,0,0,0,0,0,0,0,0,0,0,0,0,0,1,1,0,0,1,7,1,0,0,1
"397",12,2578,3,4,55,1,1,0,1,0,0,0,1,0,0,0,0,0,0,0,0,0,0,0,0,0,0,1,1,0,0,1,1,0
"513",15,2687,2,4,26,1,1,1,1,0,0,0,0,0,0,0,0,0,0,0,0,0,0,1,0,1,0,0,1,5,2,3,0,1
"484",15,960,3,2,30,2,1,0,1,1,0,0,1,0,0,0,0,0,0,0,0,0,0,0,1,1,0,0,4,5,2,0,1,0
"183",21,1647,4,2,40,2,2,0,1,0,0,0,0,1,0,0,0,0,0,0,0,0,0,0,1,0,1,0,0,2,2,1,0,1
"355",10,727,4,4,46,1,1,1,1,0,0,1,0,0,0,0,0,0,0,0,0,0,0,0,0,1,0,0,3,7,0,0,0,1
"702",48,6331,4,4,46,2,1,1,1,1,0,0,0,0,1,0,0,0,0,0,0,0,0,0,0,1,0,0,1,7,0,1,0,1
"928",48,10297,4,4,39,3,2,1,1,0,0,0,0,0,1,0,0,0,0,0,0,0,1,0,0,1,0,0,1,5,0,1,0,1
"828",18,4165,2,2,36,2,2,0,1,0,0,0,0,0,0,0,0,0,0,0,0,0,1,0,1,1,0,0,1,2,1,0,0,1
"294",42,4796,4,4,56,1,1,0,1,1,0,0,0,0,1,0,0,0,0,0,0,0,0,0,0,1,0,0,1,7,0,3,0,1
"445",48,5096,2,3,30,1,1,1,1,1,0,0,1,0,0,0,0,0,0,0,0,0,0,0,1,0,0,1,1,2,1,2,1,0
"837",12,886,4,2,21,1,1,0,1,0,1,0,0,0,0,0,0,0,0,0,0,0,0,0,1,1,0,0,0,2,1,0,1,0
"96",54,15945,3,4,58,1,1,1,1,0,0,0,0,0,0,0,0,0,0,0,0,0,0,1,0,1,0,0,1,1,0,2,0,1
"524",24,3488,3,4,23,1,1,0,1,0,0,0,0,0,1,0,0,0,0,0,0,0,0,0,1,1,0,0,2,5,1,0,1,0
"187",9,5129,2,4,74,1,2,1,1,0,0,0,0,0,1,0,0,0,0,0,0,1,0,0,0,0,0,1,1,7,0,2,1,0
"331",24,6615,2,4,75,2,1,1,1,1,0,0,0,0,1,0,0,0,0,0,0,0,0,0,0,0,0,1,1,0,0,1,0,1
"914",11,2142,1,2,28,1,1,1,1,0,0,0,0,0,0,0,0,0,0,0,0,0,0,0,1,1,0,0,4,7,3,0,0,0
"537",6,1374,4,3,75,1,1,1,1,0,0,0,0,1,0,0,0,0,0,0,0,0,0,0,1,0,0,1,0,0,2,1,1,0
"223",12,707,4,2,30,2,1,0,1,0,1,0,0,0,0,0,0,0,0,0,0,1,0,0,1,1,0,0,1,2,3,0,0,1
"682",12,2279,4,4,37,1,1,1,1,0,1,0,0,0,0,0,0,0,0,0,0,0,0,0,0,1,0,0,0,2,0,0,0,1
"775",12,1480,2,4,66,3,1,0,1,1,0,0,0,1,0,0,0,0,0,0,0,1,0,0,0,0,0,0,3,0,0,3,0,1
"278",12,1262,2,4,49,1,1,1,1,0,0,0,1,0,0,0,0,0,0,0,0,0,0,0,1,0,1,0,0,7,2,1,0,0
"458",12,3386,3,4,35,1,1,1,1,0,0,0,0,0,1,0,0,0,0,0,0,0,0,0,0,1,0,0,1,7,0,1,0,1
"938",6,2063,4,3,30,1,1,1,1,0,1,0,0,0,0,0,0,0,0,0,0,0,0,1,0,0,0,1,1,1,1,2,0,0
"94",24,3617,4,4,20,2,1,0,1,1,0,0,1,0,0,0,0,0,0,0,1,0,0,1,0,1,0,0,0,7,0,3,0,1
"821",12,1101,3,2,27,2,1,1,1,0,0,0,0,1,0,0,0,0,0,0,0,0,0,0,1,1,0,0,1,2,3,0,0,0
"394",6,1957,1,4,31,1,1,0,1,1,1,0,0,0,0,0,0,0,0,0,0,0,0,0,1,1,0,0,1,5,1,1,1,0
"203",27,5117,3,4,26,2,1,0,1,1,0,0,0,0,0,0,0,0,0,0,0,0,0,0,1,1,0,0,1,5,1,0,0,1
"143",27,3416,3,2,27,1,1,0,1,0,1,0,0,0,0,0,0,0,0,0,0,0,0,0,1,0,0,1,1,2,1,1,0,1
"54",18,3378,2,1,31,1,1,1,1,0,0,0,0,0,1,0,0,0,0,0,0,0,0,0,1,1,0,0,0,2,2,0,0,1
"777",36,3535,4,4,37,2,1,1,1,1,0,0,0,1,0,0,0,0,0,0,0,0,0,0,1,1,0,0,1,5,1,0,0,1
"194",6,2108,2,2,29,1,1,0,1,0,1,0,0,0,0,0,0,0,0,0,0,0,0,1,0,1,0,0,1,5,3,0,0,0
"134",18,1984,4,4,47,2,1,0,1,0,0,0,1,0,0,0,0,0,0,0,0,1,0,0,0,1,0,0,1,2,0,0,0,1
"987",42,6289,2,1,33,2,1,0,1,0,0,0,0,0,0,0,0,0,0,0,0,0,0,0,1,1,0,0,1,1,2,3,0,0
"919",24,2359,1,1,33,1,1,0,1,0,0,0,1,0,0,0,0,0,0,0,0,0,0,0,1,1,0,0,2,0,2,1,0,0
"456",24,2679,4,1,29,1,1,1,1,0,0,0,0,0,1,0,0,0,0,0,0,0,0,0,1,0,0,1,1,1,0,0,1,0
"909",15,3594,1,2,46,2,1,0,1,1,0,0,0,0,1,0,0,0,0,0,0,0,0,0,1,0,1,0,1,1,2,0,1,0
"957",30,3656,4,4,49,2,1,0,1,1,1,0,0,0,0,0,0,0,0,0,0,0,1,0,1,0,1,0,0,7,2,3,0,1
"607",24,4526,3,2,74,1,1,1,1,1,0,0,0,0,0,0,0,0,0,0,0,0,0,0,1,0,0,1,1,2,3,0,0,1
"913",30,2991,2,4,25,1,1,0,1,0,1,0,0,0,0,0,0,0,0,0,0,0,0,0,1,1,0,0,0,7,1,2,1,0
"34",12,1264,4,4,57,1,1,0,1,1,0,0,0,0,0,0,0,0,0,0,0,0,0,1,0,0,1,0,0,7,0,0,0,1
"375",60,14782,3,4,60,2,1,1,1,0,0,0,0,0,0,0,0,0,1,0,0,1,0,0,0,0,0,1,2,7,0,2,1,0
"856",24,1474,4,3,33,1,1,1,1,0,0,0,0,1,0,0,0,0,0,0,0,0,0,0,1,1,0,0,2,1,3,0,0,0
"785",20,6468,1,4,60,1,1,1,1,0,0,0,0,0,1,0,0,0,0,0,0,0,0,0,1,0,0,1,0,0,3,2,0,0
"918",6,14896,1,4,68,1,1,1,1,0,0,0,0,1,0,0,0,0,0,0,0,1,0,0,1,0,0,1,1,7,0,1,0,1
"654",36,8086,2,4,42,4,1,1,1,1,0,0,0,1,0,0,0,0,0,0,0,0,0,0,1,0,0,1,2,7,1,2,0,1
"177",12,2577,2,1,42,1,1,0,1,0,0,0,1,0,0,0,0,0,0,0,0,0,0,0,1,1,0,0,1,2,1,1,0,0
"813",36,9629,4,4,24,2,1,1,1,1,0,0,0,0,1,0,0,0,0,0,0,0,0,0,1,1,0,0,1,5,1,1,0,1
"47",36,2299,4,4,39,1,1,0,1,0,1,0,0,0,0,0,0,0,0,0,0,0,0,0,1,1,0,0,3,7,1,0,0,1
"144",18,2462,2,2,22,1,1,0,1,0,0,0,1,0,0,0,0,0,0,0,0,0,0,0,1,1,0,0,1,2,1,1,0,1
"850",12,709,4,4,57,1,1,0,1,0,1,0,0,0,0,0,0,0,0,0,0,0,1,0,1,0,1,0,1,7,3,1,0,1
"406",24,2039,1,1,22,1,1,1,1,0,1,0,0,0,0,0,0,0,0,0,0,0,0,0,1,1,0,0,1,1,2,2,0,0
"435",9,2136,3,2,25,1,1,0,1,0,0,0,1,0,0,0,0,0,0,0,0,0,0,0,1,1,0,0,1,2,3,1,0,1
"616",48,12204,2,2,48,1,1,1,1,0,0,0,0,0,0,0,0,0,0,0,0,1,0,0,1,0,0,1,0,2,1,2,0,1
"322",24,1938,4,3,32,1,1,0,1,0,1,0,0,0,0,0,0,0,0,0,0,0,0,0,1,1,0,0,1,1,2,1,0,0
"956",24,1231,4,4,57,2,1,1,1,1,1,0,0,0,0,0,0,0,0,0,0,0,0,1,0,0,0,1,4,7,2,1,1,0
"197",6,1382,1,1,28,2,1,1,1,1,1,0,0,0,0,0,0,0,0,0,0,0,0,0,1,1,0,0,1,2,1,0,1,0
"45",48,6143,4,4,58,2,1,0,1,1,0,0,0,0,1,0,0,0,0,0,0,0,1,0,0,0,1,0,1,7,0,1,1,0
"110",14,1410,1,2,35,1,1,1,1,0,0,0,0,0,0,0,0,0,0,0,0,0,0,0,1,1,0,0,3,7,3,2,0,0
"398",36,2348,3,2,46,2,1,1,1,1,0,0,1,0,0,0,0,0,0,0,0,0,0,0,1,1,0,0,1,2,2,1,0,0
"783",12,1410,2,2,31,1,1,1,1,0,0,0,0,0,0,1,0,0,0,0,0,0,0,0,1,0,1,0,1,2,3,2,0,1
"765",24,2463,4,3,27,2,1,1,1,1,0,0,0,1,0,0,0,0,0,0,0,0,0,0,1,1,0,0,2,5,2,0,0,0
"756",24,1285,4,4,32,1,1,0,1,0,0,0,0,1,0,0,0,0,0,0,0,0,0,1,0,1,0,0,0,5,0,1,1,0
"932",9,1670,4,2,22,1,1,1,1,0,1,0,0,0,0,0,0,0,0,0,0,0,0,0,1,1,0,0,1,1,1,2,1,0
"966",30,1715,4,1,26,1,1,0,1,0,1,0,0,0,0,0,0,0,0,0,0,0,0,0,1,1,0,0,0,2,1,2,1,0
"417",12,2579,4,1,33,1,2,0,1,0,0,0,0,1,0,0,0,0,0,0,0,0,0,0,1,0,1,0,1,1,3,1,0,1
"35",12,1474,4,1,33,1,1,1,1,0,0,0,1,0,0,0,0,0,0,0,0,1,0,0,1,0,0,1,1,1,2,3,1,0
"803",20,4272,1,4,24,2,1,0,1,1,0,0,1,0,0,0,0,0,0,0,0,0,0,0,1,1,0,0,1,7,2,1,1,0
"866",15,2221,2,4,20,1,1,0,1,0,0,0,1,0,0,0,0,0,0,0,0,0,0,1,0,1,0,0,3,2,1,0,1,0
"146",48,3566,4,2,30,1,1,0,1,0,0,0,0,0,0,0,0,0,0,0,0,0,0,0,1,1,0,0,2,5,1,2,0,1
"522",18,3190,2,2,24,1,1,0,1,0,1,0,0,0,0,0,0,0,0,0,0,0,0,0,1,1,0,0,1,2,3,1,1,0
"262",24,1603,4,4,55,1,1,0,1,0,1,0,0,0,0,0,0,0,0,0,0,0,0,0,1,1,0,0,1,7,1,1,1,0
"23",10,2241,1,3,48,2,2,0,0,1,0,0,0,1,0,0,0,0,0,0,0,0,0,1,0,0,1,0,1,1,3,1,0,1
"82",15,1213,4,3,47,1,1,1,1,0,1,0,0,0,0,0,0,0,0,0,0,0,1,0,1,1,0,0,3,7,2,0,0,1
"366",12,1542,2,4,36,1,1,1,1,0,0,0,0,0,0,0,0,0,0,0,0,0,0,0,1,1,0,0,1,5,1,0,0,1
"535",24,3105,4,2,25,2,1,0,1,0,1,0,0,0,0,0,0,0,0,0,0,0,0,0,1,1,0,0,0,1,1,0,0,1
"370",18,3001,2,4,40,1,1,0,1,0,0,0,1,0,0,0,0,0,0,0,0,0,0,1,0,1,0,0,1,5,3,2,1,0
"807",6,590,3,3,26,1,1,0,0,0,1,0,0,0,0,0,0,0,0,0,0,0,0,0,1,0,1,0,1,1,3,2,0,0
"822",12,3016,3,1,24,1,1,0,1,0,1,0,0,0,0,0,0,0,0,0,0,0,0,0,1,1,0,0,1,2,1,3,0,0
"634",9,1980,2,2,19,2,1,0,1,0,0,0,1,0,0,0,0,0,0,0,1,0,0,1,0,1,0,0,1,1,1,0,1,0
"122",24,3868,4,2,41,2,1,1,1,1,0,0,0,0,1,0,0,0,0,0,0,0,0,1,0,0,0,1,1,7,1,0,1,0
"656",14,3973,1,4,22,1,1,0,1,0,0,0,0,1,0,0,0,0,0,0,0,0,0,0,0,1,0,0,1,0,0,1,0,1
"876",11,1322,4,4,40,2,1,0,1,1,0,0,0,1,0,0,0,0,0,0,0,0,0,0,1,1,0,0,4,2,1,2,1,0
"686",60,6527,4,4,34,1,2,1,1,0,0,0,0,1,0,0,0,0,0,0,0,0,0,0,0,1,0,0,0,2,0,0,0,1
"727",15,1316,2,2,47,2,1,0,1,1,1,0,0,0,0,0,0,0,0,0,0,0,0,0,1,0,1,0,3,2,2,0,0,0
"335",24,4110,3,4,23,2,2,0,1,0,0,0,1,0,0,0,0,0,0,0,0,1,0,1,0,1,0,0,1,7,0,1,0,1
"920",24,3345,4,2,39,1,1,1,1,0,0,0,1,0,0,0,0,0,0,0,0,0,0,1,0,0,0,1,1,7,2,1,0,1
"255",9,2030,2,1,24,1,1,1,1,0,0,0,1,0,0,0,0,0,0,0,0,0,0,0,1,1,0,0,0,5,1,2,0,1
"768",10,2901,1,4,31,1,1,0,1,0,0,0,0,0,1,0,0,0,0,0,0,0,0,1,0,1,0,0,0,1,3,0,1,0
"224",24,2978,4,4,32,2,2,1,1,1,0,0,0,0,0,0,0,0,0,0,0,0,0,0,1,1,0,0,0,2,3,0,0,1
"655",24,2346,4,3,35,2,1,1,1,1,0,0,0,0,1,0,0,0,0,0,0,0,0,0,1,1,0,0,1,5,1,0,0,1
"460",18,4594,3,2,32,1,1,1,1,0,1,0,0,0,0,0,0,0,0,0,0,0,0,0,1,1,0,0,1,1,1,0,0,1
"433",6,1872,4,4,36,3,1,1,1,1,0,0,1,0,0,0,0,0,0,0,0,0,0,0,0,0,0,1,1,0,0,1,0,1
"167",18,1131,4,2,33,1,1,0,1,0,0,0,1,0,0,0,0,0,0,0,0,0,0,0,1,1,0,0,1,0,1,1,1,0
"95",12,1318,4,4,54,1,1,1,1,0,0,0,0,1,0,0,0,0,0,0,0,0,0,0,1,1,0,0,4,7,3,2,0,1
"283",18,1445,4,4,49,1,1,0,1,0,1,0,0,0,0,0,0,0,0,0,0,1,0,0,1,0,1,0,0,5,1,3,0,1
"742",10,1048,4,4,23,1,1,0,1,0,1,0,0,0,0,0,0,0,0,0,0,0,1,0,1,0,1,0,1,2,3,2,0,1
"253",30,2150,4,2,24,1,1,0,1,0,0,0,0,1,0,0,0,0,0,1,0,1,0,0,1,1,0,0,1,2,0,2,1,0
"601",7,2329,1,1,45,1,1,0,1,0,1,0,0,0,0,0,0,0,0,1,0,0,0,0,1,1,0,0,1,1,3,2,1,0
"219",24,3021,2,2,24,1,1,0,1,0,0,0,1,0,0,0,0,0,0,0,0,0,0,1,0,0,1,0,1,2,3,1,0,0
"515",24,2255,4,1,54,1,1,0,1,0,0,0,0,1,0,0,0,0,0,0,0,0,0,0,1,1,0,0,0,1,2,0,0,1
"650",12,684,4,4,40,1,2,0,1,0,0,1,0,0,0,0,0,0,0,0,0,0,0,1,0,0,1,0,1,2,1,1,0,1
"953",24,4113,3,4,28,1,1,0,1,0,0,0,0,0,1,0,0,0,0,0,0,0,0,1,0,1,0,0,3,1,1,2,1,0
"29",7,2415,3,2,34,1,1,0,1,0,1,0,0,0,0,0,0,0,0,1,0,0,0,0,1,1,0,0,1,2,3,2,0,1
"474",6,1238,4,4,36,1,2,1,1,0,0,0,0,0,0,1,0,0,0,0,0,0,0,0,1,0,0,1,0,0,2,0,0,1
"999",45,1845,4,4,23,1,1,1,1,0,1,0,0,0,0,0,0,0,0,0,0,0,0,0,0,1,0,0,1,2,0,1,0,1
"487",12,3077,2,4,52,1,1,1,1,0,1,0,0,0,0,0,0,0,0,0,0,0,0,0,1,1,0,0,1,2,1,0,0,1
"261",12,1657,2,2,27,1,1,0,1,0,0,0,1,0,0,0,0,0,0,0,0,0,0,0,1,1,0,0,1,2,3,1,0,1
"293",24,6419,2,4,44,2,2,1,1,1,0,0,0,0,1,0,0,0,0,0,0,0,0,0,0,0,0,1,1,7,0,1,1,0
"940",24,6842,2,4,46,2,2,1,1,1,0,0,0,0,1,0,0,0,0,0,0,0,0,0,1,0,0,1,0,2,2,0,0,1
"459",6,343,4,1,27,1,1,0,1,0,0,0,0,0,0,0,1,0,0,0,0,0,0,0,1,1,0,0,1,1,3,1,1,0
"611",12,741,4,3,22,1,1,0,1,0,0,0,0,0,0,0,1,0,0,0,0,0,0,0,1,1,0,0,2,0,2,1,1,0
"55",36,2225,4,4,57,2,1,1,1,1,0,0,0,1,0,0,0,0,0,0,0,1,0,0,0,1,0,0,1,7,0,2,0,1
"689",9,2753,3,4,35,1,1,1,1,0,1,0,0,0,0,0,0,0,0,0,1,0,0,0,1,1,0,0,2,7,1,0,0,1
"590",12,2246,3,3,60,2,1,0,1,1,0,0,1,0,0,0,0,0,0,0,0,0,0,0,1,1,0,0,1,7,2,1,0,1
"697",12,1103,4,3,29,2,1,0,0,0,1,0,0,0,0,0,0,0,0,1,0,0,0,0,1,1,0,0,1,5,3,2,0,1
"117",42,7174,4,3,30,1,1,1,1,0,1,0,0,0,0,0,0,0,0,0,0,0,0,0,1,0,0,1,0,5,1,1,1,0
"302",36,3804,4,1,42,1,1,1,1,0,1,0,0,0,0,0,0,0,0,0,0,0,0,0,1,1,0,0,1,2,1,2,1,0
"415",24,1381,4,2,35,1,1,0,1,0,0,0,0,1,0,0,0,0,0,0,0,0,0,0,1,1,0,0,0,2,2,1,1,0
"340",10,1521,4,2,31,1,1,0,1,0,0,0,1,0,0,0,0,0,0,0,0,0,0,0,1,0,1,0,1,2,1,2,0,0
"280",24,1901,4,4,29,1,1,1,1,0,1,0,0,0,0,0,0,0,0,0,0,0,0,1,0,0,0,1,2,2,1,0,0,1
"595",24,1358,4,3,40,1,1,1,1,0,0,0,0,0,0,0,0,0,1,0,0,0,1,0,1,0,0,1,0,7,1,1,0,1
"137",27,8613,2,2,27,2,1,0,1,1,0,0,0,0,1,0,0,0,0,0,0,0,0,0,1,1,0,0,4,2,1,0,0,1
"250",18,433,3,4,22,1,1,0,1,0,1,0,0,0,0,0,0,0,0,0,1,0,0,1,0,1,0,0,1,0,3,0,1,0
"466",24,2924,3,4,63,1,2,1,1,0,0,0,0,0,1,0,0,0,0,1,0,1,0,0,1,1,0,0,1,2,0,1,0,1
"993",18,1936,2,4,23,2,1,0,1,0,1,0,0,0,0,0,0,0,0,0,0,0,0,1,0,0,1,0,0,5,1,1,0,0
"553",48,6999,1,1,34,2,1,1,1,0,1,0,0,0,0,0,0,0,0,1,0,0,0,0,1,1,0,0,1,5,3,1,0,0
"336",6,3384,1,4,44,1,1,1,1,1,0,0,1,0,0,0,0,0,0,0,0,0,0,1,0,0,0,1,1,2,3,1,0,0
"230",24,3149,4,1,22,1,1,0,1,0,0,0,1,0,0,0,0,0,0,0,0,1,0,0,0,1,0,0,1,1,0,1,0,1
"6",36,9055,2,4,35,1,2,1,1,0,0,1,0,0,0,0,0,0,0,0,0,0,0,0,0,0,1,0,0,2,0,0,0,1
"847",18,6761,2,4,68,2,1,0,1,0,0,0,0,1,0,0,0,0,0,0,0,0,0,1,0,1,0,0,0,2,1,0,0,1
"926",12,697,4,2,46,2,1,1,1,0,0,0,0,1,0,0,0,0,0,0,0,1,0,0,1,1,0,0,1,1,1,1,0,1
"308",12,727,4,3,33,1,1,1,1,0,1,0,0,0,0,0,0,0,0,0,0,0,0,0,1,0,1,0,2,1,0,1,0,0
"906",12,1107,2,2,20,1,2,1,1,0,1,0,0,0,0,0,0,0,0,0,0,0,0,1,0,0,0,1,1,2,3,1,0,1
"157",9,1288,3,4,48,2,2,0,0,1,0,0,0,0,0,0,0,1,0,1,0,0,0,0,1,1,0,0,2,7,3,1,0,1
"658",48,10222,4,3,37,1,1,1,1,0,1,0,0,0,0,0,0,0,0,0,0,0,1,0,1,1,0,0,0,5,1,0,0,1
"747",15,2511,1,4,23,1,1,0,1,0,0,0,0,1,0,0,0,0,0,0,0,0,0,1,0,1,0,0,1,0,1,1,1,0
"793",6,1221,1,2,27,2,1,0,1,1,0,0,1,0,0,0,0,0,0,0,0,0,0,0,1,1,0,0,0,2,2,0,0,0
"483",30,3622,4,4,57,2,1,1,1,0,0,0,1,0,0,0,0,0,0,0,0,0,0,1,0,1,0,0,4,7,2,1,1,0
"561",24,2964,4,4,49,1,2,1,1,0,0,0,0,0,1,0,0,0,0,0,0,1,0,0,0,1,0,0,0,7,0,1,0,1
"596",6,931,1,1,32,1,1,0,1,0,0,0,0,1,0,0,0,0,0,0,0,0,1,0,1,0,1,0,2,1,2,2,1,0
"769",12,3617,1,4,28,3,1,1,1,1,0,0,1,0,0,0,0,0,0,0,0,0,0,1,0,1,0,0,1,7,1,2,0,1
"779",36,5711,4,2,38,2,1,1,1,1,0,0,0,0,1,0,0,0,0,0,0,0,0,0,1,0,0,1,4,7,1,0,0,1
"818",6,1554,1,2,24,2,1,1,1,1,1,0,0,0,0,0,0,0,0,0,0,0,0,1,0,1,0,0,1,5,1,0,1,0
"185",18,884,4,4,36,1,2,1,1,1,0,0,0,1,0,0,0,0,0,0,0,1,0,0,1,1,0,0,1,7,1,2,0,1
"788",48,2751,4,3,38,2,2,1,1,1,0,0,0,0,1,0,0,0,0,0,0,0,0,0,1,1,0,0,0,7,1,0,0,1
"688",36,2862,4,3,30,1,1,0,1,1,0,0,0,1,0,0,0,0,0,0,0,0,0,0,0,1,0,0,2,7,0,2,0,1
"994",36,3959,4,3,30,1,1,1,1,0,0,0,1,0,0,0,0,0,0,0,0,0,0,0,1,0,0,1,1,0,2,1,0,1
"990",24,1743,4,2,48,2,1,0,1,1,1,0,0,0,0,0,0,0,0,0,0,0,0,0,1,0,1,0,1,7,2,2,0,1
"52",27,5965,1,2,30,2,1,1,1,1,0,0,0,0,1,0,0,0,0,0,0,0,0,0,1,0,0,1,1,7,1,2,0,1
"755",12,1555,4,4,55,2,2,0,1,1,0,0,0,0,0,0,0,1,0,0,0,0,0,0,0,1,0,0,4,7,0,0,0,1
"471",24,3092,3,2,22,1,1,1,1,0,1,0,0,0,0,0,0,0,0,0,0,0,0,1,0,1,0,0,2,1,1,2,0,0
"787",22,2675,3,4,40,1,1,0,1,0,1,0,0,0,0,0,0,0,0,0,0,0,0,0,1,1,0,0,3,7,1,0,0,1
"584",36,2384,4,1,33,1,1,0,1,0,0,0,0,0,0,0,0,1,0,0,0,0,0,1,0,0,1,0,1,1,0,2,0,1
"198",12,951,4,4,27,4,1,0,1,0,0,0,1,0,0,0,0,0,0,0,0,1,0,1,0,1,0,0,2,1,1,2,1,0
"792",24,6313,3,4,41,1,2,1,1,0,0,0,0,0,1,0,0,0,0,0,0,0,0,0,1,0,0,1,0,7,1,0,0,1
"44",30,6187,1,4,24,2,1,0,1,1,0,0,0,0,1,0,0,0,0,0,0,0,0,1,0,1,0,0,2,5,1,1,0,0
"264",12,2748,2,4,57,3,1,0,1,1,0,1,0,0,0,0,0,0,0,0,0,1,0,0,0,0,1,0,1,7,0,0,1,0
"795",24,3062,4,3,32,1,1,1,1,0,0,0,1,0,0,0,0,0,0,0,0,0,0,1,0,1,0,0,3,7,0,0,0,1
"365",18,2473,4,1,25,1,1,0,1,0,0,0,1,0,0,0,0,0,0,0,0,0,0,0,1,0,0,0,1,0,1,1,0,1
"542",24,2032,4,4,60,2,1,1,1,1,0,0,0,1,0,0,0,0,0,0,0,0,0,0,0,1,0,0,1,7,0,0,0,1
"131",48,8487,1,2,24,1,1,0,1,0,0,0,0,1,0,0,0,0,0,0,0,0,0,0,1,1,0,0,0,5,1,2,1,0
"300",21,2745,3,2,32,2,1,1,1,1,0,0,1,0,0,0,0,0,0,0,0,0,0,0,1,1,0,0,4,5,1,2,0,1
"943",24,929,4,2,31,1,1,1,1,0,0,0,1,0,0,0,0,0,0,0,0,0,1,0,1,1,0,0,0,5,1,0,0,1
"413",12,2292,4,2,42,2,1,1,1,1,0,0,0,0,0,0,0,0,0,0,0,0,1,0,1,0,0,1,1,0,1,0,0,1
"129",12,1860,4,2,34,2,1,1,1,1,0,0,0,0,1,0,0,0,0,0,0,0,0,0,1,0,0,1,1,0,1,2,0,1
"970",11,3939,1,2,40,2,2,0,1,1,0,0,0,1,0,0,0,0,0,0,0,0,0,0,1,0,1,0,1,2,3,1,0,1
"905",24,1278,4,1,36,1,1,1,1,0,1,0,0,0,0,0,0,0,0,0,0,0,0,0,1,0,0,1,1,7,3,0,0,1
"292",36,9398,1,4,28,1,1,1,1,0,0,0,0,0,1,0,0,0,0,0,0,0,0,1,0,0,0,1,1,1,1,2,0,0
"615",18,1808,4,1,22,1,1,0,1,1,0,0,1,0,0,0,0,0,0,0,0,0,0,0,1,1,0,0,1,5,3,0,1,0
"614",24,3632,1,4,22,1,1,0,0,0,0,0,0,0,1,0,0,0,0,1,0,1,0,1,0,1,0,0,1,2,1,1,1,0
"799",24,717,4,4,54,2,1,1,1,1,0,0,0,1,0,0,0,0,0,0,0,0,0,0,1,1,0,0,0,7,1,0,0,0
"568",24,2578,2,2,34,1,1,0,1,1,1,0,0,0,0,0,0,0,0,0,0,0,0,0,1,1,0,0,4,7,1,0,0,1
"630",9,3832,1,4,64,1,1,0,1,0,0,1,0,0,0,0,0,0,0,0,0,0,0,0,1,0,1,0,0,7,3,0,0,1
"452",6,518,3,1,29,1,1,0,1,0,1,0,0,0,0,0,0,0,0,0,0,0,0,0,1,1,0,0,1,2,3,0,1,0
"661",12,1297,3,4,23,1,1,0,1,0,1,0,0,0,0,0,0,0,0,0,0,0,0,1,0,1,0,0,1,2,3,3,0,0
"454",24,2670,4,4,35,1,1,1,1,0,0,0,0,0,1,0,0,0,0,0,0,0,0,0,1,0,0,1,1,7,1,0,0,1
"495",12,2122,3,2,39,2,2,0,0,1,0,0,0,1,0,0,0,0,0,0,0,0,0,1,0,0,1,0,1,2,3,1,0,1
"298",10,1287,4,2,45,1,1,0,0,0,0,0,0,1,0,0,0,0,0,0,1,0,0,0,1,0,1,0,0,7,2,0,0,1
"71",36,8133,1,2,30,1,1,0,1,0,0,0,0,0,1,0,0,0,0,0,0,1,0,0,1,1,0,0,1,2,2,0,1,0
"232",9,2507,2,4,51,1,1,0,1,0,0,0,0,1,0,0,0,0,0,0,0,0,0,0,0,0,1,0,3,7,0,0,0,1
"709",9,1206,4,4,25,1,1,0,1,0,1,0,0,0,0,0,0,0,0,0,0,0,0,0,1,1,0,0,1,7,3,2,1,0
"838",4,601,1,3,23,1,2,0,1,0,0,0,1,0,0,0,0,0,0,0,0,0,0,1,0,0,1,0,1,1,3,0,1,0
"67",12,2171,2,2,29,1,1,0,1,0,1,0,0,0,0,0,0,0,0,0,0,1,0,0,1,1,0,0,1,1,1,0,1,0
"868",12,3331,2,4,42,1,1,0,1,1,0,0,1,0,0,0,0,0,0,0,0,0,1,0,1,1,0,0,1,7,2,0,0,1
"921",18,1817,4,2,28,2,1,0,1,1,0,0,1,0,0,0,0,0,0,0,0,0,0,0,1,1,0,0,1,2,0,0,1,0
"204",12,902,4,4,21,1,1,0,1,0,0,0,0,0,0,1,0,0,0,0,0,0,0,1,0,1,0,0,1,5,2,1,0,0
"313",24,3749,2,4,26,1,1,0,1,0,0,0,1,0,0,0,0,0,0,0,0,0,0,0,1,1,0,0,1,1,1,3,1,0
"245",12,3447,4,3,35,1,2,0,1,0,0,0,0,0,0,1,0,0,0,0,0,0,0,0,1,0,1,0,3,2,3,0,1,0
"128",12,639,4,2,30,1,1,0,1,0,0,0,0,0,0,0,0,1,0,0,0,0,0,0,1,1,0,0,1,2,1,2,0,1
"581",18,1056,3,3,30,2,1,0,1,1,0,0,0,1,0,0,0,0,0,1,0,1,0,0,1,1,0,0,1,7,3,2,0,1
"551",12,996,4,4,23,2,1,0,1,1,0,0,0,0,0,0,0,1,0,0,0,0,0,0,1,1,0,0,0,5,3,0,1,0
"538",18,3612,3,4,37,1,1,1,1,1,0,0,1,0,0,0,0,0,0,0,0,0,0,0,1,1,0,0,1,7,2,2,1,0
"200",18,4297,4,3,40,1,1,1,1,1,0,0,1,0,0,0,0,0,0,0,0,0,0,0,1,0,0,1,1,7,0,2,0,0
"403",24,8648,2,2,27,2,1,1,1,1,0,0,0,0,0,0,0,0,0,0,0,1,0,0,1,1,0,0,1,1,1,0,0,1
"418",18,8471,1,2,23,2,1,1,1,1,0,1,0,0,0,0,0,0,0,0,0,0,0,1,0,1,0,0,0,2,1,1,1,0
"827",18,3966,1,4,33,3,1,1,1,1,0,0,0,1,0,0,0,0,0,0,0,1,0,1,0,1,0,0,1,7,3,1,1,0
"608",36,2671,4,4,50,1,1,0,1,0,1,0,0,0,0,0,0,0,0,0,1,0,0,0,0,1,0,0,2,2,0,2,1,0
"945",15,1845,4,1,46,1,1,0,1,0,0,0,1,0,0,0,0,0,0,1,0,0,0,1,0,1,0,0,1,1,2,1,1,0
"659",30,4221,2,1,28,2,1,0,1,0,0,0,0,0,0,0,0,0,0,0,0,0,0,0,1,1,0,0,1,2,1,2,1,0
"806",36,9271,2,1,24,1,1,1,1,0,0,0,0,1,0,0,0,0,0,0,0,0,0,0,1,1,0,0,1,5,1,1,0,1
"594",24,2718,3,4,20,1,1,1,1,0,0,0,0,1,0,0,0,0,0,0,0,0,0,1,0,0,1,0,1,2,2,2,1,0
"191",24,4591,2,3,54,3,1,1,1,0,0,0,0,0,0,0,0,0,0,0,0,0,0,0,1,0,0,1,4,2,2,0,0,1
"373",10,2146,1,3,23,2,1,0,1,1,0,0,1,0,0,0,0,0,0,0,0,0,0,1,0,1,0,0,1,1,3,0,1,0
"842",21,2993,3,2,28,2,1,0,1,1,0,0,0,0,1,0,0,0,0,0,0,0,1,0,1,0,1,0,1,2,3,0,0,1
"752",18,976,1,2,23,1,1,0,1,0,0,0,0,1,0,0,0,0,0,0,0,0,0,0,1,0,1,0,1,1,1,1,1,0
"470",24,4679,3,3,35,2,1,1,1,1,0,0,0,0,1,0,0,0,0,0,0,0,0,0,1,0,1,0,1,5,1,0,0,1
"638",60,15653,2,4,21,2,1,1,1,1,1,0,0,0,0,0,0,0,0,0,0,0,0,0,1,1,0,0,1,5,1,0,0,1
"101",24,1469,4,4,41,1,1,0,1,0,0,0,0,1,0,0,0,0,0,0,0,0,0,1,0,0,1,0,2,7,3,0,0,0
"233",12,2141,3,1,35,1,1,0,1,0,1,0,0,0,0,0,0,0,0,0,0,0,0,0,1,1,0,0,2,5,0,0,0,1
"62",15,1537,4,4,50,2,1,1,1,1,1,0,0,0,0,0,0,0,0,1,0,0,0,0,1,1,0,0,0,7,3,2,0,1
"564",36,12389,1,4,37,1,1,1,1,0,0,0,0,1,0,0,0,0,0,0,0,0,0,0,0,1,0,0,0,2,0,2,0,1
"249",24,1925,2,2,26,1,1,0,1,0,0,0,1,0,0,0,0,0,0,0,0,0,0,0,1,1,0,0,1,2,3,3,0,1
"968",15,3568,4,2,54,1,1,1,1,0,1,0,0,0,0,0,0,0,0,0,0,1,0,1,0,0,0,1,1,7,1,0,1,0
"316",36,2746,4,4,31,1,1,0,1,0,0,0,1,0,0,0,0,0,0,0,0,1,0,0,1,1,0,0,1,7,1,1,0,1
"681",6,1538,1,2,56,1,1,0,1,0,0,1,0,0,0,0,0,0,0,0,0,0,0,0,1,1,0,0,1,1,0,0,1,0
"151",6,1346,2,4,42,1,2,1,1,0,1,0,0,0,0,0,0,0,0,0,0,1,0,0,0,1,0,0,2,7,0,0,0,1
"859",15,3959,3,2,29,1,1,1,1,0,0,0,0,1,0,0,0,0,0,0,0,0,0,0,1,1,0,0,1,2,2,1,1,0
"816",36,7432,2,2,54,1,1,0,1,1,0,0,0,1,0,0,0,0,0,0,0,0,0,1,0,1,0,0,1,2,2,2,1,0
"960",24,3069,4,4,30,1,1,0,1,0,0,0,1,0,0,0,0,0,0,0,0,0,0,0,0,1,0,0,2,7,0,2,0,1
"559",24,3552,3,4,27,1,1,0,1,0,0,0,1,0,0,0,0,0,0,0,0,1,0,0,1,1,0,0,1,5,1,1,0,1
"508",15,6850,1,2,34,1,2,1,1,0,0,0,0,1,0,0,0,0,0,0,0,0,0,0,1,0,0,1,2,0,2,2,0,1
"805",12,7472,1,2,24,1,1,0,1,0,0,0,0,1,0,0,0,0,0,0,0,0,0,1,0,0,0,0,0,0,3,2,1,0
"346",15,1459,4,2,43,1,1,0,1,1,1,0,0,0,0,0,0,0,0,0,0,0,0,0,1,0,1,0,1,2,1,0,1,0
"824",8,731,4,4,47,2,1,0,1,1,0,0,0,1,0,0,0,0,0,0,0,0,0,0,1,0,1,0,1,7,3,1,0,1
"834",24,5084,2,4,42,1,1,1,1,0,1,0,0,0,0,0,0,0,0,0,0,0,0,0,1,1,0,0,0,7,1,2,1,0
"528",4,1503,2,1,42,2,2,0,1,1,1,0,0,0,0,0,0,0,0,0,0,0,0,0,1,0,1,0,1,5,3,0,0,1
"746",13,1797,3,1,28,2,1,0,1,1,0,0,0,0,0,0,0,0,0,0,0,1,0,0,1,0,1,0,1,1,2,1,0,1
"790",40,5998,4,3,27,1,1,1,1,1,0,1,0,0,0,0,0,0,0,0,0,1,0,0,1,1,0,0,1,2,0,1,0,1
"266",15,802,4,3,37,1,2,0,1,0,1,0,0,0,0,0,0,0,0,0,0,0,0,0,1,1,0,0,1,7,1,2,0,1
"683",15,1478,4,3,33,2,1,0,1,1,1,0,0,0,0,0,0,0,0,0,0,1,0,0,1,1,0,0,1,2,3,0,0,0
"798",12,1258,2,4,22,2,1,0,1,1,0,0,1,0,0,0,0,0,0,0,0,0,0,1,0,0,1,0,1,1,2,0,1,0
"738",18,4380,3,4,35,1,2,1,1,0,0,0,0,1,0,0,0,0,0,0,0,0,0,0,1,0,1,0,2,2,1,1,0,1
"724",9,790,4,3,66,1,1,0,1,0,1,0,0,0,0,0,0,0,0,0,0,0,0,0,1,0,1,0,3,2,3,2,1,0
"548",24,1552,3,1,32,1,2,0,1,0,1,0,0,0,0,0,0,0,0,0,0,1,0,0,1,1,0,0,1,5,1,0,0,1
"285",24,3878,4,2,37,1,1,1,1,1,0,0,0,1,0,0,0,0,0,0,0,0,0,0,1,1,0,0,2,1,1,2,0,0
"391",18,1820,2,2,30,1,1,1,1,0,0,0,0,1,0,0,0,0,0,0,0,0,0,0,1,0,0,1,1,2,2,0,0,0
"419",21,2782,1,2,31,1,1,0,1,0,0,0,0,1,0,0,0,0,0,0,0,1,0,0,1,0,0,1,3,5,1,0,1,0
"472",6,448,4,4,23,1,1,0,1,0,0,1,0,0,0,0,0,0,0,0,0,0,0,0,1,1,0,0,1,1,2,1,1,0
"955",12,1893,4,4,29,1,1,1,1,0,0,0,0,1,0,0,0,0,0,1,0,0,0,0,1,1,0,0,1,2,2,1,1,0
"732",24,1987,2,4,21,1,2,0,1,0,1,0,0,0,0,0,0,0,0,0,0,0,0,1,0,0,1,0,1,2,3,1,0,1
"8",36,6948,2,2,35,1,1,1,1,0,0,0,0,0,1,0,0,0,0,0,0,0,0,1,0,0,0,1,1,2,1,2,0,1
"761",15,5045,1,4,59,1,1,1,1,1,0,0,0,1,0,0,0,0,0,0,0,0,0,0,1,1,0,0,0,7,1,0,1,0
"764",21,12680,4,4,30,1,1,1,1,1,0,0,0,1,0,0,0,0,0,0,0,0,0,0,0,0,0,1,0,7,0,0,0,1
"338",15,1275,4,2,24,1,1,0,1,0,0,0,0,0,0,0,1,0,0,0,0,0,0,1,0,1,0,0,0,2,1,1,1,0
"625",18,2600,4,4,65,2,1,0,1,0,1,0,0,0,0,0,0,0,0,0,0,0,0,0,0,1,0,0,1,2,0,1,0,1
"190",18,3244,1,4,33,2,1,1,1,0,0,0,1,0,0,0,0,0,0,0,0,1,0,0,1,1,0,0,1,2,1,2,1,0
"462",15,1721,2,3,36,1,1,0,1,0,0,0,0,1,0,0,0,0,0,0,0,0,0,0,1,1,0,0,1,1,3,1,0,1
"87",18,1295,4,1,27,2,1,0,1,1,0,0,1,0,0,0,0,0,0,0,0,0,0,0,1,1,0,0,1,1,2,2,1,0
"819",36,15857,2,3,43,1,1,0,1,0,0,0,0,0,0,0,0,0,1,0,1,0,0,0,1,0,0,1,1,0,1,1,0,0
"721",9,1337,4,2,34,2,1,1,1,0,1,0,0,0,0,0,0,0,0,0,0,0,0,0,1,0,0,1,1,1,1,3,0,1
"809",42,9283,1,2,55,1,1,1,1,0,0,0,0,0,1,0,0,0,0,0,0,1,0,0,0,0,0,1,1,0,0,2,0,1
"858",15,3343,4,2,28,1,1,1,1,1,0,0,1,0,0,0,0,0,0,0,0,0,0,0,0,1,0,0,1,2,0,0,0,1
"353",18,3229,2,4,38,1,1,1,1,1,0,0,0,0,1,0,0,0,0,0,0,0,0,0,1,0,0,1,0,0,0,0,0,1
"429",9,1313,1,4,20,1,1,0,1,0,0,0,1,0,0,0,0,0,0,0,0,0,0,0,1,1,0,0,1,7,1,0,0,1
"725",27,2570,3,3,21,1,1,0,1,0,0,0,0,1,0,0,0,0,0,0,0,0,0,1,0,1,0,0,1,2,3,0,1,0
"871",36,7678,2,4,40,2,1,1,1,1,0,0,1,0,0,0,0,0,0,0,0,0,0,0,1,1,0,0,3,5,1,0,1,0
"860",9,3577,1,2,26,1,2,0,0,0,0,0,0,1,0,0,0,0,0,1,0,0,0,1,0,1,0,0,2,2,3,0,0,1
"748",12,1274,3,1,37,1,1,0,1,0,0,0,0,1,0,0,0,0,0,0,0,0,0,0,1,0,1,0,1,1,3,1,1,0
"642",15,1308,4,4,38,2,1,0,1,0,0,0,0,0,0,0,0,1,0,0,0,0,0,0,1,0,1,0,1,7,1,2,0,1
"684",24,5103,3,3,47,3,1,1,1,1,1,0,0,0,0,0,0,0,0,0,0,0,0,0,0,1,0,0,1,1,0,0,0,0
"569",48,3979,4,1,41,2,2,1,1,0,1,0,0,0,0,0,0,0,0,0,0,0,0,0,1,1,0,0,0,5,1,2,0,1
"950",24,3621,2,4,31,2,1,0,1,0,1,0,0,0,0,0,0,0,0,0,0,0,0,0,1,1,0,0,2,7,1,0,0,1
"929",30,1867,4,4,58,1,1,1,1,0,1,0,0,0,0,0,0,0,0,0,0,0,0,0,1,1,0,0,0,7,1,0,0,1
"323",24,2910,2,1,34,1,1,1,1,0,0,0,0,0,1,0,0,0,0,0,0,0,0,0,0,0,0,1,1,5,0,1,0,1
"489",10,1418,3,2,35,1,1,0,0,0,0,0,0,1,0,0,0,0,0,0,0,0,0,1,0,0,1,0,2,2,3,0,0,1
"447",36,1842,4,4,34,1,1,1,1,0,0,0,0,1,0,0,0,0,0,0,0,0,0,0,1,1,0,0,1,1,1,1,1,0
"33",18,5866,2,2,30,2,1,1,1,0,0,0,0,1,0,0,0,0,0,0,0,0,0,0,1,1,0,0,2,2,1,2,0,1
"450",15,1512,3,3,61,2,1,0,1,1,0,0,0,0,0,0,0,1,0,0,0,0,1,0,1,1,0,0,4,2,2,2,0,0
"636",12,1393,4,4,47,3,2,1,1,0,0,1,0,0,0,0,0,0,0,0,0,1,0,0,1,1,0,0,1,7,2,0,0,1
"79",54,9436,2,2,39,1,2,0,1,0,0,0,0,0,1,0,0,0,0,0,0,0,0,0,1,0,1,0,0,2,2,0,0,1
"814",48,3051,3,4,54,1,1,0,1,0,0,0,0,0,0,0,1,0,0,0,0,0,0,0,1,1,0,0,1,2,1,1,0,1
"159",24,3512,2,3,38,2,1,1,1,0,0,0,0,1,0,0,0,0,0,0,0,1,0,0,1,1,0,0,2,5,1,2,0,1
"286",47,10722,1,1,35,1,1,1,1,0,0,0,0,1,0,0,0,0,0,0,0,0,0,0,1,0,1,0,1,1,3,1,1,0
"991",12,3565,2,1,37,2,2,0,1,1,0,1,0,0,0,0,0,0,0,0,0,0,0,0,1,0,1,0,0,1,2,0,0,1
"585",12,2133,4,4,52,1,1,1,1,0,0,0,0,1,0,0,0,0,0,0,0,0,0,0,0,0,0,1,0,7,0,0,1,0
"488",24,3757,4,4,62,1,1,1,1,0,0,0,0,1,0,0,0,0,0,0,1,0,0,0,0,1,0,0,1,7,0,0,1,0
"884",18,1098,4,4,65,2,1,0,1,1,1,0,0,0,0,0,0,0,0,0,0,0,0,0,1,0,0,0,1,0,1,0,1,0
"58",36,9566,2,2,31,2,1,0,1,1,1,0,0,0,0,0,0,0,0,0,0,0,1,0,1,1,0,0,1,2,1,0,1,0
"749",21,5248,1,3,26,1,1,0,1,0,0,0,0,0,1,0,0,0,0,0,0,0,0,0,1,1,0,0,0,2,1,0,0,1
"700",15,1905,4,4,40,1,1,1,1,0,0,1,0,0,0,0,0,0,0,0,0,0,0,1,0,0,0,1,1,7,1,3,0,1
"964",24,2397,3,2,35,2,1,1,1,0,1,0,0,0,0,0,0,0,0,0,0,1,0,0,1,1,0,0,3,7,1,0,0,1
"464",12,754,4,4,38,2,1,0,1,0,0,0,0,0,0,1,0,0,0,0,0,0,0,0,1,1,0,0,0,7,2,2,0,1
"478",24,5152,4,2,25,1,1,0,1,0,1,0,0,0,0,0,0,0,0,0,0,1,0,0,1,1,0,0,1,5,1,3,0,1
"915",24,3161,4,2,31,1,1,1,1,0,0,0,0,0,0,0,0,0,0,0,0,0,0,1,0,1,0,0,1,2,2,1,0,1
"436",12,1484,2,1,25,1,1,1,1,0,1,0,0,0,0,0,0,0,0,0,0,0,0,0,1,1,0,0,0,2,3,2,0,0
"282",12,1574,4,2,50,1,1,0,1,0,0,0,1,0,0,0,0,0,0,0,0,0,0,0,1,1,0,0,1,2,3,0,0,1
"27",6,426,4,4,39,1,1,0,1,0,1,0,0,0,0,0,0,0,0,0,0,0,0,0,1,0,1,0,1,7,1,0,0,0
"77",42,3965,4,3,34,1,1,0,1,0,1,0,0,0,0,0,0,0,0,0,0,0,0,0,1,1,0,0,1,1,1,1,0,1
"540",18,3049,1,1,45,1,1,0,1,0,0,0,1,0,0,0,0,0,0,0,0,0,1,0,1,0,1,0,1,1,2,3,1,0
"609",18,2051,4,1,33,1,1,0,1,0,1,0,0,0,0,0,0,0,0,0,0,0,0,0,1,1,0,0,1,1,3,0,0,1
"897",21,2606,4,4,28,1,1,1,1,0,1,0,0,0,0,0,0,0,0,0,0,0,0,1,0,0,0,1,1,1,2,1,1,0
"400",24,1516,4,1,43,2,1,0,1,1,1,0,0,0,0,0,0,0,0,0,0,0,0,0,1,0,1,0,4,2,3,0,1,0
"349",6,1743,1,2,34,2,1,0,1,1,0,0,0,0,0,0,0,0,0,0,0,0,0,0,1,0,1,0,2,2,3,0,0,1
"735",4,3380,1,1,37,1,2,0,1,1,0,0,0,1,0,0,0,0,0,0,0,0,0,0,1,1,0,0,1,5,3,0,1,0
"38",18,2100,4,2,37,1,1,0,1,0,1,0,0,0,0,0,0,0,0,0,1,0,1,0,1,1,0,0,1,2,3,3,0,1
"678",72,5595,2,2,24,1,1,0,1,0,1,0,0,0,0,0,0,0,0,0,0,0,0,0,1,1,0,0,2,2,1,2,0,0
"891",27,2442,4,4,43,4,2,1,1,1,0,0,0,0,0,0,0,0,0,0,0,0,1,0,1,0,0,1,1,7,1,1,0,1
"482",24,1201,4,1,26,1,1,0,1,0,0,0,0,1,0,0,0,0,0,0,0,0,0,0,1,1,0,0,1,1,2,2,0,1
"530",6,662,3,4,41,1,2,1,1,0,0,0,0,1,0,0,0,0,0,0,0,0,0,0,1,0,1,0,1,1,3,1,0,1
"326",8,3398,1,4,39,2,1,0,0,1,0,0,0,1,0,0,0,0,0,0,0,0,0,0,1,0,1,0,1,5,3,1,0,1
"586",18,2039,1,4,20,1,1,0,1,0,0,0,1,0,0,0,0,0,0,0,0,1,0,1,0,1,0,0,1,2,3,1,1,0
"428",18,1149,4,3,46,2,1,0,1,1,1,0,0,0,0,0,0,0,0,0,0,0,0,0,1,1,0,0,4,2,3,0,0,1
"237",6,14555,1,2,23,1,1,1,1,0,0,0,0,1,0,0,0,0,0,0,0,0,0,0,1,0,0,0,0,0,2,2,0,1
"446",9,1244,4,4,41,2,1,0,1,1,0,1,0,0,0,0,0,0,0,0,0,0,0,1,0,0,1,0,0,7,2,0,1,0
"258",12,2149,4,1,29,1,1,0,1,0,1,0,0,0,0,0,0,0,0,0,0,0,0,0,0,1,0,0,1,2,0,1,0,0
"211",9,3074,1,2,33,2,2,0,1,1,1,0,0,0,0,0,0,0,0,0,0,0,0,0,1,1,0,0,0,2,3,0,0,1
"998",12,804,4,4,38,1,1,0,1,0,1,0,0,0,0,0,0,0,0,0,0,0,0,0,1,1,0,0,1,7,1,0,0,1
"9",12,3059,2,4,61,1,1,0,1,0,1,0,0,0,0,0,0,0,0,0,0,0,0,0,1,0,1,0,4,5,3,0,0,0
"976",24,1258,3,3,57,1,1,0,1,0,1,0,0,0,0,0,0,0,0,0,0,0,0,0,1,0,1,0,3,2,1,3,1,0
"424",21,1591,4,3,34,2,1,0,1,1,0,0,1,0,0,0,0,0,0,0,0,0,0,0,1,0,0,1,2,5,3,0,0,1
"556",12,1331,2,1,22,1,1,0,1,0,1,0,0,0,0,0,0,0,0,0,0,0,1,0,1,1,0,0,1,1,1,2,0,1
"479",12,1037,3,4,39,1,1,0,1,0,0,0,0,0,0,0,0,0,0,0,0,0,0,0,1,0,1,0,2,5,3,2,0,1
"60",36,6229,4,4,23,2,1,1,1,1,0,0,1,0,0,0,0,0,0,0,1,0,0,1,0,0,1,0,1,1,0,1,1,0
"907",21,3763,2,2,24,1,1,0,0,0,0,0,0,1,0,0,0,0,0,0,1,0,0,0,1,0,1,0,0,5,3,1,0,1
"320",15,3643,1,4,27,2,1,0,1,1,0,0,1,0,0,0,0,0,0,0,0,0,0,0,1,0,1,0,1,7,2,1,1,0
"930",12,1344,4,2,43,2,2,0,1,1,0,0,0,1,0,0,0,0,0,0,0,0,0,0,1,0,1,0,1,2,3,1,0,1
"147",6,860,1,4,39,2,1,1,1,1,0,0,0,1,0,0,0,0,0,0,0,0,0,0,1,1,0,0,1,7,0,1,1,0
"367",18,3850,3,1,27,2,1,0,1,1,0,0,0,0,1,0,0,0,0,0,0,0,0,0,1,1,0,0,1,5,1,0,0,1
"247",12,717,4,4,52,3,1,0,1,1,1,0,0,0,0,0,0,0,0,0,0,0,0,0,1,1,0,0,1,7,3,0,0,1
"345",10,3949,1,1,37,1,2,0,1,0,0,0,0,1,0,0,0,0,0,1,0,0,0,0,1,0,1,0,1,1,2,3,0,1
"182",36,4455,2,2,30,2,1,1,1,1,0,0,0,0,0,0,0,0,0,0,0,0,1,0,1,0,0,1,1,2,3,2,0,0
"80",30,3832,2,1,22,1,1,0,1,0,0,0,1,0,0,0,0,0,0,0,0,0,0,0,1,1,0,0,1,1,2,2,0,0
"295",48,7629,4,2,46,2,2,0,1,1,0,0,0,0,0,0,0,0,0,0,0,1,0,0,1,0,0,1,0,7,1,0,0,0
"84",24,1755,4,4,58,1,1,1,1,0,0,0,0,0,0,0,0,0,1,1,0,0,0,0,1,0,1,0,1,7,3,1,1,0
"184",24,3777,4,4,50,1,1,1,1,1,0,0,1,0,0,0,0,0,0,0,0,0,0,0,1,1,0,0,4,2,3,0,0,1
"763",12,2214,4,3,24,1,1,0,1,0,1,0,0,0,0,0,0,0,0,0,0,0,0,0,1,0,1,0,1,2,2,1,0,1
"774",24,2223,4,4,52,2,1,0,1,1,1,0,0,0,0,0,0,0,0,0,0,1,0,0,1,1,0,0,2,7,2,0,0,1
"112",15,392,4,4,23,1,1,1,1,0,0,1,0,0,0,0,0,0,0,0,0,0,0,1,0,1,0,0,1,1,2,3,1,0
"412",33,7253,3,2,35,2,1,1,1,1,0,0,0,0,1,0,0,0,0,0,0,0,0,0,1,0,0,1,1,5,1,0,0,1
"995",12,2390,4,3,50,1,1,1,1,0,0,0,0,1,0,0,0,0,0,0,0,0,0,0,1,1,0,0,0,7,1,0,0,1
"244",12,1185,3,2,27,2,1,0,1,1,0,0,0,0,0,0,0,0,0,0,0,0,0,0,1,1,0,0,1,2,3,0,1,0
"890",28,7824,3,4,40,2,2,1,1,0,0,0,0,0,1,0,0,0,0,1,0,1,0,1,0,1,0,0,0,1,3,0,0,1
"549",12,626,4,4,24,1,1,0,1,0,1,0,0,0,0,0,0,0,0,0,0,1,0,0,1,0,1,0,1,2,3,1,1,0
"89",18,2249,4,3,30,1,2,1,1,0,0,0,0,1,0,0,0,0,0,0,0,0,0,0,1,0,0,1,2,5,1,1,0,1
"946",48,8358,1,1,30,2,1,0,1,0,0,0,0,1,0,0,0,0,0,0,0,0,0,0,1,1,0,0,3,1,1,2,1,0
"160",6,1898,1,2,34,2,2,0,1,1,1,0,0,0,0,0,0,0,0,0,0,0,0,0,1,0,1,0,0,2,3,0,0,1
"759",24,1393,2,2,31,1,1,1,1,0,0,0,0,1,0,0,0,0,0,1,0,0,0,0,1,1,0,0,1,2,3,0,0,1
"281",15,3368,3,4,23,2,1,1,1,1,0,0,0,0,1,0,0,0,0,0,0,0,0,1,0,1,0,0,4,7,0,0,0,1
"439",42,3394,4,4,65,2,1,0,1,1,0,0,0,0,0,0,0,1,0,0,1,0,0,0,1,0,0,0,1,0,1,1,0,1
"356",24,1246,4,2,23,1,1,0,1,0,0,0,0,1,0,0,0,0,0,0,0,0,1,0,1,0,1,0,1,1,3,2,0,1
"465",18,1950,4,1,34,2,1,1,1,0,0,0,0,0,0,0,0,0,0,0,0,0,1,0,1,1,0,0,1,5,1,0,0,1
"552",6,1750,2,4,45,1,2,0,1,0,1,0,0,0,0,0,0,0,0,0,0,1,0,0,1,0,1,0,3,7,2,0,0,1
"766",12,1155,3,3,40,2,1,0,1,0,1,0,0,0,0,0,0,0,0,1,0,1,0,0,1,0,1,0,1,7,3,2,0,0
"352",9,959,1,2,29,1,1,0,0,0,0,0,1,0,0,0,0,0,0,0,0,0,0,0,1,1,0,0,1,2,1,2,1,0
"132",36,6887,4,3,29,1,1,1,1,1,0,1,0,0,0,0,0,0,0,0,0,0,1,0,1,1,0,0,1,2,2,1,0,1
"646",36,7980,4,4,27,2,1,1,1,1,0,0,0,0,0,0,0,0,0,0,0,0,0,1,0,1,0,0,0,1,1,0,0,1
"734",24,2603,2,4,28,1,1,1,1,0,0,0,0,0,1,0,0,0,0,0,0,0,0,1,0,1,0,0,4,2,1,0,1,0
"407",24,2197,4,4,43,2,2,1,1,1,0,0,0,0,1,0,0,0,0,0,0,0,0,0,1,1,0,0,0,5,1,0,0,1
"963",15,3556,3,2,29,1,1,0,1,0,0,0,0,1,0,0,0,0,0,0,0,0,0,0,1,1,0,0,0,2,0,0,0,1
"344",18,4439,1,1,33,1,1,1,1,0,0,0,0,0,0,0,0,0,0,0,1,1,0,0,1,0,0,1,1,7,3,2,0,1
"575",9,1082,4,4,27,2,1,0,1,0,1,0,0,0,0,0,0,0,0,0,0,0,0,0,1,0,1,0,1,7,1,2,0,1
"231",36,4210,4,2,26,1,1,0,1,0,1,0,0,0,0,0,0,0,0,0,0,0,0,0,1,1,0,0,1,2,1,3,0,1
"904",15,1386,4,2,40,1,1,1,1,0,1,0,0,0,0,0,0,0,0,0,0,0,0,1,0,1,0,0,0,2,3,0,0,0
"863",24,2439,4,4,35,1,1,1,1,0,1,0,0,0,0,0,0,0,0,0,0,0,0,0,1,1,0,0,1,1,3,1,1,0
"172",12,763,4,1,26,1,1,1,1,0,0,0,1,0,0,0,0,0,0,0,0,0,0,0,1,1,0,0,1,2,3,0,1,0
"1",6,1169,4,4,67,2,1,1,1,1,1,0,0,0,0,0,0,0,0,0,0,0,0,0,1,1,0,0,0,7,3,1,0,1
"207",12,1935,4,4,43,3,1,1,1,1,0,0,1,0,0,0,0,0,0,0,0,0,0,0,1,1,0,0,1,7,3,0,0,1
"881",24,7814,3,3,38,1,1,1,1,0,0,0,0,0,1,0,0,0,0,0,0,0,0,0,1,0,0,1,1,5,1,0,0,1
"252",12,2251,1,2,46,1,1,0,1,0,0,0,1,0,0,0,0,0,0,0,0,0,0,0,1,0,1,0,1,2,1,3,1,0
"770",12,1655,2,4,63,2,1,1,1,1,1,0,0,0,0,0,0,0,0,0,0,0,0,0,1,0,1,0,1,7,3,0,0,1
"449",12,1424,3,4,55,1,1,1,1,0,0,0,1,0,0,0,0,0,0,0,0,0,0,0,1,0,0,1,0,7,3,3,1,0
"496",24,2996,2,4,20,1,1,0,1,0,0,0,1,0,0,0,0,0,0,0,0,0,0,0,1,1,0,0,0,2,1,1,0,0
"443",20,2629,2,3,29,2,1,1,1,1,0,0,0,0,0,0,0,0,1,0,0,1,0,0,1,1,0,0,1,2,1,2,0,1
"307",30,4811,2,4,24,1,1,0,1,0,0,0,0,0,1,0,0,0,0,0,0,0,1,1,0,0,1,0,0,5,2,0,1,0
"102",36,2323,4,4,24,1,1,0,1,0,1,0,0,0,0,0,0,0,0,0,0,0,0,1,0,1,0,0,1,5,1,2,0,1
"848",24,1249,4,2,28,1,1,0,1,0,0,0,0,1,0,0,0,0,0,0,0,0,0,0,1,1,0,0,1,1,3,0,0,0
"529",36,2302,4,4,31,1,1,0,1,0,1,0,0,0,0,0,0,0,0,0,0,0,0,1,0,1,0,0,1,2,1,1,0,0
"979",24,2538,4,4,47,2,2,0,1,1,0,0,0,1,0,0,0,0,0,0,0,0,0,0,1,0,1,0,1,7,1,0,0,1
"225",15,4657,3,2,30,1,1,1,1,0,0,0,0,0,1,0,0,0,0,0,0,0,0,0,1,1,0,0,1,2,1,0,0,1
"898",12,1592,3,2,35,1,1,0,0,1,0,0,1,0,0,0,0,0,0,0,0,0,0,0,1,1,0,0,4,5,2,0,1,0
"810",15,1778,2,1,26,2,1,0,1,0,0,0,0,1,0,0,0,0,0,0,0,0,0,1,0,0,0,0,1,1,3,2,1,0
"234",18,866,4,2,25,1,1,0,1,0,1,0,0,0,0,0,0,0,0,1,0,0,0,0,1,0,1,0,1,2,3,2,0,0
"894",36,5800,3,4,34,2,1,1,1,1,0,0,0,0,1,0,0,0,0,0,0,0,0,0,1,1,0,0,1,2,1,2,0,1
"893",12,2171,4,4,38,2,1,0,0,1,0,0,0,1,0,0,0,0,0,0,0,1,0,0,1,0,1,0,1,2,2,1,0,1
"339",24,4169,4,4,28,1,1,0,1,0,0,0,1,0,0,0,0,0,0,0,0,0,0,0,1,1,0,0,1,2,2,1,0,1
"287",48,4788,4,3,26,1,2,0,1,0,0,0,0,0,1,0,0,0,0,0,0,0,0,0,1,1,0,0,1,5,2,1,0,1
"455",24,4817,2,3,31,1,1,1,1,0,0,0,0,1,0,0,0,0,0,0,1,0,0,0,1,1,0,0,1,5,2,1,0,1
"4",42,7882,2,4,45,1,2,0,1,0,0,0,1,0,0,0,0,0,0,1,0,0,0,0,0,1,0,0,1,5,2,1,0,1
"574",15,806,4,4,22,1,1,0,1,0,0,0,0,0,0,0,0,0,0,0,0,0,0,0,1,0,1,0,1,2,2,1,1,0
"5",24,4870,3,4,53,2,2,0,1,1,0,0,0,1,0,0,0,0,0,0,0,0,0,0,0,1,0,0,1,2,0,1,0,1
"384",12,1330,4,1,26,1,1,0,1,0,0,0,0,1,0,0,0,0,0,0,0,0,0,0,1,1,0,0,1,1,3,3,0,1
"977",6,753,2,3,64,1,1,0,1,0,1,0,0,0,0,0,0,0,0,1,0,0,0,0,1,1,0,0,1,2,3,2,1,0
"152",10,1924,1,4,38,1,1,1,0,0,1,0,0,0,0,0,0,0,0,0,0,0,0,0,1,1,0,0,1,2,2,0,0,1
"563",6,683,2,1,29,1,1,0,1,1,1,0,0,0,0,0,0,0,0,0,0,1,0,0,1,1,0,0,1,1,2,3,1,0
"536",21,2319,2,1,33,1,1,0,1,1,0,1,0,0,0,0,0,0,0,0,0,0,0,1,0,1,0,0,1,1,1,3,0,0
"784",12,836,4,2,23,1,1,0,1,0,0,0,0,1,0,0,0,0,0,0,0,1,0,0,1,0,1,0,2,1,2,2,1,0
"42",12,1158,3,1,26,1,1,1,1,0,1,0,0,0,0,0,0,0,0,0,0,0,0,0,1,1,0,0,3,2,1,2,0,0
"695",24,2284,4,2,28,1,1,1,1,0,1,0,0,0,0,0,0,0,0,0,0,0,0,0,1,1,0,0,1,5,1,0,0,1
"520",6,700,4,4,36,2,1,0,1,1,1,0,0,0,0,0,0,0,0,0,0,0,0,0,0,1,0,0,0,7,0,0,0,1
"981",30,8386,2,2,49,1,1,0,1,1,0,0,1,0,0,0,0,0,0,0,0,0,0,0,1,1,0,0,1,5,2,2,0,1
"705",27,2528,4,1,32,1,2,1,1,0,0,0,0,0,0,0,0,0,0,0,0,0,0,0,1,1,0,0,1,1,2,2,1,0
"93",12,797,4,3,33,1,2,0,1,1,1,0,0,0,0,0,0,0,0,0,0,1,0,0,1,0,1,0,0,7,2,0,1,0
"566",24,1553,3,2,23,2,1,1,1,1,1,0,0,0,0,0,0,0,0,0,0,0,0,1,0,1,0,0,2,5,2,2,1,0
"532",15,2631,2,4,28,2,1,1,1,0,0,0,0,1,0,0,0,0,0,0,0,0,0,1,0,1,0,0,2,2,1,2,1,0
"685",36,9857,1,3,31,2,2,1,1,1,0,0,0,0,0,0,0,0,0,0,0,0,0,0,1,0,1,0,2,5,2,2,0,1
"662",12,900,4,2,23,1,1,0,1,0,0,0,0,1,0,0,0,0,0,0,0,0,0,0,1,1,0,0,0,2,1,1,0,0
"612",10,1240,1,4,48,1,2,0,1,0,0,0,0,1,0,0,0,0,0,0,0,0,0,0,0,0,1,0,2,7,0,3,1,0
"92",12,1409,4,3,54,1,1,0,1,1,0,0,0,0,1,0,0,0,0,0,0,0,0,0,1,1,0,0,1,7,3,1,0,1
"539",48,7763,4,4,42,1,1,0,1,0,0,0,0,1,0,0,0,0,0,0,0,1,0,0,0,0,0,1,1,7,0,1,0,1
"40",9,458,4,3,24,1,1,0,1,0,1,0,0,0,0,0,0,0,0,0,0,0,0,0,1,1,0,0,1,2,3,2,0,1
"432",24,11328,2,3,29,2,1,1,1,0,0,0,0,0,0,0,0,0,1,0,1,1,0,0,1,0,0,1,1,2,1,2,0,1
"617",60,9157,2,2,27,1,1,0,1,1,1,0,0,0,0,0,0,0,0,0,0,0,0,0,0,0,0,1,0,2,0,2,0,1
"901",16,2625,2,4,43,1,1,1,1,1,0,0,0,1,0,0,0,0,0,1,0,1,0,1,0,1,0,0,1,7,2,1,0,1
"511",12,759,4,2,26,1,1,0,1,0,0,0,0,1,0,0,0,0,0,0,0,0,0,0,1,1,0,0,1,5,3,1,0,1
"453",12,2759,2,4,34,2,1,0,1,0,0,0,1,0,0,0,0,0,0,0,0,0,0,0,1,1,0,0,1,7,2,0,0,1
"802",18,1795,3,4,48,2,1,1,1,1,1,0,0,0,0,0,0,0,0,1,0,1,0,1,0,0,1,0,1,7,3,2,1,0
"165",36,909,4,4,36,1,1,0,1,0,0,0,0,1,0,0,0,0,0,0,0,0,0,0,1,1,0,0,3,7,2,0,0,1
"641",18,750,4,1,27,1,1,0,1,0,0,1,0,0,0,0,0,0,0,0,0,0,0,0,1,0,0,0,1,0,3,1,1,0
"217",18,3104,3,1,31,1,1,1,1,0,0,0,0,0,0,0,0,0,0,0,0,1,0,0,1,1,0,0,1,5,2,1,0,1
"936",30,1919,4,3,30,2,1,0,1,1,1,0,0,0,0,0,0,0,0,0,0,0,1,0,1,0,0,1,2,1,0,2,0,1
"931",24,1747,4,1,24,1,1,0,0,0,0,0,1,0,0,0,0,0,0,0,1,0,0,0,1,0,1,0,1,1,2,1,0,1
"648",12,1386,2,2,26,1,1,0,1,0,0,0,0,1,0,0,0,0,0,0,0,0,0,0,1,1,0,0,3,2,2,0,1,0
"857",10,894,4,3,40,1,1,1,1,0,0,0,0,0,0,1,0,0,0,0,0,0,0,0,1,1,0,0,0,5,2,0,1,0
"448",7,2576,2,2,35,1,1,0,1,0,1,0,0,0,0,0,0,0,0,1,0,0,0,0,1,1,0,0,1,2,3,2,0,1
"368",18,3650,1,4,22,1,1,0,1,0,0,0,1,0,0,0,0,0,0,0,0,0,0,1,0,1,0,0,1,1,1,1,1,0
"562",24,1546,4,4,24,1,1,0,1,0,1,0,0,0,0,0,0,0,0,1,0,1,0,1,0,0,1,0,1,5,1,1,0,1
"382",18,12976,3,4,38,1,1,1,1,0,0,0,0,0,1,0,0,0,0,0,0,0,0,0,0,0,0,1,1,0,0,2,1,0
"179",12,1963,4,2,31,2,2,1,1,0,1,0,0,0,0,0,0,0,0,0,0,0,0,1,0,0,0,1,1,5,1,0,0,1
"541",12,1534,1,1,23,1,1,0,1,0,1,0,0,0,0,0,0,0,0,0,0,0,0,1,0,1,0,0,1,1,3,2,0,0
"908",36,3711,2,2,27,1,1,0,1,0,0,1,0,0,0,0,0,0,0,0,0,0,0,0,1,1,0,0,0,2,1,2,0,0
"105",12,2445,2,4,26,1,1,1,1,0,0,0,0,0,1,0,0,0,0,0,0,0,0,1,0,1,0,0,0,1,1,0,0,0
"13",12,1567,1,1,22,1,1,1,1,0,1,0,0,0,0,0,0,0,0,0,0,0,0,0,1,1,0,0,1,2,1,2,1,0
"645",18,1880,4,1,32,2,1,1,1,1,1,0,0,0,0,0,0,0,0,0,0,0,0,0,1,0,0,1,1,5,2,1,0,0
"208",12,1424,4,3,26,1,1,0,1,1,0,0,0,0,0,0,1,0,0,0,0,0,0,0,1,1,0,0,1,5,2,2,0,1
"75",36,1977,4,4,40,1,1,1,1,0,0,1,0,0,0,0,0,0,0,0,0,0,0,0,1,0,0,1,0,7,0,1,0,1
"402",18,1887,4,4,28,2,1,0,1,1,0,0,0,0,0,0,0,0,0,0,0,1,0,0,1,1,0,0,0,2,3,2,0,0
"103",6,932,3,2,24,1,1,0,1,1,1,0,0,0,0,0,0,0,0,0,0,0,0,0,1,1,0,0,1,2,3,0,1,0
"254",24,4151,2,3,35,2,1,0,1,1,0,0,1,0,0,0,0,0,0,0,0,0,0,0,1,1,0,0,2,2,2,0,0,1
"505",24,1207,4,4,24,1,1,0,1,0,0,0,0,1,0,0,0,0,0,0,0,0,0,1,0,1,0,0,1,1,2,1,1,0
"46",11,1393,4,4,35,2,1,0,1,1,0,0,0,1,0,0,0,0,0,0,0,0,0,0,1,0,0,1,1,1,1,0,1,0
"882",24,9277,2,4,48,1,1,1,1,0,0,0,0,0,1,0,0,0,0,0,0,0,0,0,0,1,0,0,0,2,0,0,0,0
"32",24,4020,2,2,27,1,1,0,1,0,0,0,1,0,0,0,0,0,0,0,0,0,1,0,1,1,0,0,1,2,1,1,0,1
"736",36,3990,3,2,29,1,1,0,1,0,0,0,0,0,0,0,1,0,0,0,0,1,0,0,1,0,0,0,0,1,0,2,1,0
"269",14,8978,1,4,45,1,1,1,0,0,0,0,0,1,0,0,0,0,0,0,0,0,0,0,1,0,0,1,1,7,2,1,0,0
"796",9,2301,2,4,22,1,1,0,1,0,0,0,1,0,0,0,0,0,0,0,0,0,0,1,0,1,0,0,2,1,2,0,1,0
"114",36,7855,4,2,25,2,1,1,1,1,0,0,0,1,0,0,0,0,0,0,0,0,1,0,1,1,0,0,1,2,3,0,1,0
"899",15,2186,1,4,33,1,1,0,1,0,0,0,1,0,0,0,0,0,0,0,0,1,0,1,0,0,1,0,0,5,3,0,1,0
"53",12,1262,3,2,25,1,1,0,1,0,1,0,0,0,0,0,0,0,0,0,0,0,0,0,1,1,0,0,1,2,1,0,0,1
"399",12,1223,1,1,46,2,1,0,1,0,0,0,0,1,0,0,0,0,0,0,0,0,0,1,0,1,0,0,1,7,3,2,0,0
"980",15,1264,2,2,25,1,1,0,1,0,0,0,0,1,0,0,0,0,0,0,0,0,0,1,0,1,0,0,2,2,2,2,0,0
"305",48,10127,2,2,44,1,1,0,1,1,0,0,0,1,0,0,0,0,0,0,0,1,0,0,0,1,0,0,3,2,0,0,0,1
"265",10,1231,3,4,32,2,2,0,0,1,0,0,0,1,0,0,0,0,0,0,0,0,0,0,1,0,1,0,1,7,3,0,0,1
"865",10,2210,2,2,25,1,1,0,1,0,0,0,1,0,0,0,0,0,0,0,0,1,0,1,0,0,1,0,1,2,3,0,0,1
"121",21,1835,3,2,25,2,1,1,1,0,1,0,0,0,0,0,0,0,0,0,0,0,0,0,1,1,0,0,1,2,3,1,1,0
"98",18,2622,4,4,34,1,1,0,1,0,0,0,0,0,0,0,0,0,0,0,0,0,0,0,1,1,0,0,2,2,1,2,0,1
"851",20,2235,4,2,33,2,1,0,0,1,0,0,0,1,0,0,0,0,0,1,0,1,0,1,0,1,0,0,1,2,2,1,0,0
"180",21,571,4,4,65,2,1,0,1,1,0,0,0,1,0,0,0,0,0,0,0,0,0,0,1,1,0,0,1,7,3,1,0,1
"509",24,1413,4,2,28,1,1,0,1,0,1,0,0,0,0,0,0,0,0,0,0,0,0,0,1,1,0,0,1,2,2,0,0,0
"263",18,5302,2,4,36,3,1,1,1,1,0,0,0,1,0,0,0,0,0,0,0,0,0,0,0,0,0,1,1,7,0,1,0,1
"864",27,4526,4,2,32,2,2,1,1,1,0,0,1,0,0,0,0,0,0,0,0,0,1,0,1,0,1,0,4,1,3,0,0,1
"854",18,1442,4,4,32,2,2,0,1,0,0,0,0,1,0,0,0,0,0,0,0,0,0,0,0,0,1,0,1,5,0,1,0,1
"572",30,5954,3,2,38,1,1,0,1,1,1,0,0,0,0,0,0,0,0,0,1,0,0,0,1,1,0,0,1,5,1,0,0,1
"431",5,3448,1,4,74,1,1,0,1,0,0,0,0,0,0,0,0,0,0,0,0,0,0,0,1,0,1,0,1,5,3,0,0,1
"354",12,6199,4,2,28,2,1,1,1,0,1,0,0,0,0,0,0,0,0,0,0,0,0,1,0,1,0,0,1,2,2,1,0,1
"139",15,2728,4,2,35,3,1,1,1,1,1,0,0,0,0,0,0,0,0,1,0,1,0,0,1,1,0,0,0,5,3,2,0,1
"18",30,8072,2,3,25,3,1,0,1,0,0,0,0,0,0,0,0,0,0,0,0,1,0,0,1,1,0,0,0,1,1,1,0,1
"222",12,1200,4,4,23,1,1,1,1,0,0,1,0,0,0,0,0,0,0,0,0,1,0,1,0,1,0,0,0,2,2,1,1,0
"257",24,2684,4,2,35,2,1,0,1,1,1,0,0,0,0,0,0,0,0,0,0,0,0,0,1,0,1,0,1,2,3,0,0,1
"301",6,672,1,4,54,1,1,1,1,0,0,0,0,1,0,0,0,0,0,0,0,0,0,0,1,0,0,0,1,0,3,0,1,0
"773",21,3275,1,4,36,1,1,1,1,1,0,0,0,0,1,0,0,0,0,0,0,0,0,0,1,0,0,1,1,7,1,0,0,1
"291",12,1076,2,2,26,1,1,1,0,0,0,0,0,0,0,0,0,0,0,0,0,0,0,0,1,1,0,0,1,2,3,0,0,0
"744",24,2483,4,4,22,1,1,1,1,0,0,0,1,0,0,0,0,0,0,0,0,0,1,0,1,1,0,0,3,2,3,1,0,1
"347",13,882,4,4,23,2,1,0,1,1,1,0,0,0,0,0,0,0,0,1,0,0,0,0,1,1,0,0,1,1,3,2,0,1
"380",6,362,4,4,52,2,1,0,1,1,0,0,0,1,0,0,0,0,0,0,0,0,0,0,1,0,1,0,2,2,1,0,1,0
"951",18,3590,3,3,40,3,2,1,1,1,0,0,0,0,0,0,0,0,0,0,0,0,0,0,1,0,0,0,1,0,1,2,0,0
"360",30,2406,4,4,23,1,1,0,1,0,0,0,1,0,0,0,0,0,0,0,0,0,0,1,0,1,0,0,1,5,3,1,1,0
"111",6,1449,1,2,31,2,2,0,1,1,0,0,0,0,0,0,0,0,0,0,0,1,0,0,1,1,0,0,2,7,1,2,0,0
"162",18,1055,4,1,30,2,1,0,1,1,0,0,0,1,0,0,0,0,0,0,0,0,0,0,1,1,0,0,1,1,2,0,1,0
"624",12,1858,4,1,22,1,1,0,1,0,0,0,1,0,0,0,0,0,0,0,0,0,0,1,0,1,0,0,1,1,1,1,1,0
"619",30,3441,2,4,21,1,1,0,1,0,0,0,1,0,0,0,0,0,0,0,1,0,0,1,0,1,0,0,2,2,1,2,1,0
"846",21,3976,2,3,35,1,1,1,1,0,0,0,1,0,0,0,0,0,0,0,0,0,0,0,1,1,0,0,0,5,1,2,0,1
"507",15,2360,2,2,36,1,1,1,1,1,0,0,0,0,1,0,0,0,0,0,0,0,0,0,1,1,0,0,3,2,1,3,0,1
"925",24,6872,2,1,55,1,1,1,1,0,0,0,1,0,0,0,0,0,0,0,0,1,0,0,1,1,0,0,1,1,2,1,0,0
"212",36,3835,2,4,45,1,1,1,1,0,1,0,0,0,0,0,0,0,0,0,0,0,0,0,1,0,1,0,0,7,3,0,1,0
"276",9,2697,1,2,32,1,2,0,1,0,1,0,0,0,0,0,0,0,0,0,0,0,0,0,1,1,0,0,1,2,3,0,0,1
"750",15,3029,2,2,33,1,1,0,1,0,0,0,0,0,1,0,0,0,0,0,0,0,0,0,1,1,0,0,1,5,1,0,0,1
"227",48,10961,1,2,27,2,1,1,1,0,1,0,0,0,0,0,0,0,0,0,1,1,0,0,1,1,0,0,4,5,0,2,0,1
"108",12,6078,2,2,32,1,1,0,1,0,0,0,0,1,0,0,0,0,0,0,0,0,0,0,1,1,0,0,1,5,1,2,0,1
"163",15,1262,4,3,36,2,1,1,1,0,0,0,0,0,0,0,1,0,0,0,0,0,0,0,1,1,0,0,3,5,2,0,0,1
"221",12,625,4,1,26,1,1,0,1,0,1,0,0,0,0,0,0,0,0,1,0,1,0,0,1,0,1,0,1,1,3,2,0,0
"100",20,7057,3,4,36,2,2,1,1,1,0,0,0,0,1,0,0,0,0,0,0,1,0,1,0,0,0,1,0,5,2,2,0,1
"243",48,4605,3,4,24,2,2,0,1,0,0,0,0,0,1,0,0,0,0,0,0,0,0,0,0,1,0,0,1,7,0,1,0,1
"188",16,1175,2,3,68,3,1,1,1,1,0,0,0,1,0,0,0,0,0,0,0,0,0,0,0,0,0,0,1,0,1,2,0,1
"895",18,1169,4,3,29,2,1,1,1,1,1,0,0,0,0,0,0,0,0,0,0,0,0,0,1,1,0,0,0,2,2,0,0,1
"600",24,3863,1,2,32,1,1,0,1,1,0,0,0,0,0,0,0,0,0,0,0,0,0,0,0,1,0,0,1,2,0,0,0,1
"123",12,1768,3,2,24,1,1,0,1,0,0,0,1,0,0,0,0,0,0,0,0,0,0,1,0,0,1,0,1,2,3,0,0,1
"481",12,3573,1,1,23,1,1,0,1,1,1,0,0,0,0,0,0,0,0,0,0,0,0,0,1,0,1,0,1,2,3,2,1,0
"713",21,2476,4,4,46,1,1,1,1,0,0,0,0,0,1,0,0,0,0,0,0,0,0,0,1,0,0,1,0,7,3,0,0,1
"314",12,685,2,3,25,1,1,0,1,0,0,0,0,1,0,0,0,0,0,0,0,1,0,0,1,0,1,0,1,5,1,2,0,0
"841",36,5179,4,2,29,1,1,0,1,0,0,0,1,0,0,0,0,0,0,0,0,0,0,0,1,1,0,0,1,5,2,1,0,1
"296",48,9960,1,2,26,1,1,1,1,0,0,0,1,0,0,0,0,0,0,0,0,0,0,0,1,1,0,0,1,1,1,2,1,0
"623",48,3914,4,2,38,1,1,0,1,0,0,0,0,0,0,0,0,0,0,0,0,1,0,0,1,1,0,0,0,2,3,0,0,0
"598",24,4241,1,4,36,3,1,1,1,0,0,0,0,0,0,0,0,0,0,0,0,0,0,0,1,0,1,0,1,2,3,2,0,1
"703",24,1377,4,2,47,1,1,1,1,0,1,0,0,0,0,0,0,0,0,0,0,0,0,0,0,1,0,0,2,7,0,3,1,0
"372",18,6070,3,4,33,2,1,1,1,1,1,0,0,0,0,0,0,0,0,0,0,0,0,0,1,1,0,0,1,7,1,0,0,1
"698",12,926,1,2,38,1,1,0,1,1,0,0,0,1,0,0,0,0,0,0,0,0,0,0,1,0,0,0,1,0,2,0,1,0
"605",10,1275,4,2,23,1,1,0,1,0,0,0,1,0,0,0,0,0,0,0,0,0,0,0,1,1,0,0,1,1,2,3,1,0
"393",36,3249,2,4,39,1,2,1,1,0,0,0,0,1,0,0,0,0,0,0,0,1,0,0,0,0,0,1,1,5,0,1,0,1
"229",9,1478,4,2,22,1,1,0,1,0,1,0,0,0,0,0,0,0,0,0,0,0,0,0,1,1,0,0,1,5,1,0,0,1
"11",12,1295,3,1,25,1,1,0,1,0,0,0,0,1,0,0,0,0,0,0,0,0,0,1,0,1,0,0,1,1,1,2,1,0
"772",36,8065,3,2,25,2,1,1,1,1,0,1,0,0,0,0,0,0,0,0,0,0,0,0,1,0,0,1,1,2,0,1,1,0
"442",12,1620,2,3,30,1,1,0,1,0,0,0,1,0,0,0,0,0,0,0,1,0,0,0,1,1,0,0,1,2,2,1,1,0
"319",12,701,4,2,32,2,1,0,1,1,0,1,0,0,0,0,0,0,0,0,0,0,0,0,1,1,0,0,1,2,1,0,0,1
"808",12,930,4,4,65,4,1,0,1,1,1,0,0,0,0,0,0,0,0,0,0,0,0,0,1,1,0,0,0,7,3,0,0,1
"214",30,1908,4,4,66,1,1,1,1,1,0,0,0,0,0,0,0,0,0,0,0,0,0,0,1,0,0,1,1,7,3,3,0,1
"333",60,7408,4,2,24,1,1,0,1,0,0,0,0,1,0,0,0,0,0,0,0,0,0,0,1,0,0,1,2,1,2,2,1,0
"941",12,3527,2,3,45,1,2,1,1,0,0,0,0,1,0,0,0,0,0,0,0,0,0,0,1,0,0,1,0,1,2,0,0,1
"728",18,1882,4,4,25,2,1,0,1,0,1,0,0,0,0,0,0,0,0,0,0,1,0,1,0,1,0,0,1,2,1,1,1,0
"580",24,937,4,3,27,2,1,0,1,0,0,0,0,0,0,1,0,0,0,0,0,0,0,0,1,0,1,0,1,1,1,0,0,0
"10",30,5234,4,2,28,2,1,0,1,1,0,0,0,1,0,0,0,0,0,0,0,0,0,0,1,0,0,1,1,0,1,2,0,0
"24",12,1804,3,4,44,1,1,0,1,1,0,0,0,0,1,0,0,0,0,0,0,0,0,0,1,1,0,0,2,1,2,2,0,1
"711",18,629,4,3,32,2,1,1,1,1,1,0,0,0,0,0,0,0,0,0,0,1,0,0,1,0,0,1,3,7,2,0,0,1
"369",36,3446,4,2,42,1,2,0,1,0,0,0,1,0,0,0,0,0,0,0,0,0,0,0,1,1,0,0,1,7,1,1,0,1
"226",36,2613,4,2,27,2,1,0,1,0,0,0,0,0,0,0,0,1,0,0,0,0,0,0,1,1,0,0,1,2,1,0,0,1
"912",24,4736,2,4,25,1,1,0,1,1,0,0,1,0,0,0,0,0,0,0,0,1,0,0,1,0,1,0,1,1,1,2,1,0
"426",18,2779,1,3,21,1,1,1,1,0,0,0,0,0,1,0,0,0,0,0,0,0,0,1,0,1,0,0,1,2,1,2,0,0
"140",12,1881,2,2,44,1,1,1,1,0,1,0,0,0,0,0,0,0,0,0,0,0,0,1,0,0,1,0,1,2,1,3,1,0
"613",21,3357,4,2,29,1,1,0,1,0,1,0,0,0,0,0,0,0,0,0,0,1,0,0,1,1,0,0,4,1,1,1,1,0
"577",12,2930,2,1,27,1,1,0,1,0,1,0,0,0,0,0,0,0,0,0,0,0,0,0,1,1,0,0,1,5,3,2,1,0
"997",30,3857,4,4,40,1,1,1,1,0,0,0,0,0,1,0,0,0,0,0,0,0,0,0,1,0,0,1,1,2,2,1,0,0
"279",6,4611,1,4,32,1,1,0,1,0,0,0,1,0,0,0,0,0,0,0,0,0,0,0,1,1,0,0,1,1,2,0,1,0
"677",24,5150,4,4,33,1,1,1,1,1,0,0,1,0,0,0,0,0,0,0,0,0,0,0,1,1,0,0,1,7,1,0,0,1
"786",18,1941,4,2,35,1,1,1,1,0,0,0,0,0,0,0,0,0,0,0,0,0,0,0,1,0,1,0,4,2,2,2,0,1
"383",22,1283,4,4,25,1,1,0,1,0,0,0,0,1,0,0,0,0,0,0,0,0,0,1,0,1,0,0,0,5,2,0,1,0
"604",36,3349,4,2,28,1,1,1,1,0,0,0,1,0,0,0,0,0,0,0,0,0,0,0,1,0,0,1,1,2,1,0,1,0
"20",24,3430,3,2,31,1,2,1,1,0,1,0,0,0,0,0,0,0,0,0,0,0,0,0,1,1,0,0,3,7,1,0,0,1
"745",39,14179,4,4,30,2,1,1,1,1,0,0,1,0,0,0,0,0,0,0,0,0,0,0,1,0,0,1,0,5,2,1,0,1
"174",8,1414,4,2,33,1,1,0,0,0,1,0,0,0,0,0,0,0,0,1,0,0,0,0,1,1,0,0,1,2,3,2,0,1
"396",39,11760,2,3,32,1,1,1,1,1,0,1,0,0,0,0,0,0,0,0,0,0,0,1,0,1,0,0,2,5,0,2,0,1
"357",12,2331,1,4,49,1,1,1,1,1,1,0,0,0,0,0,0,0,0,0,1,0,0,0,1,1,0,0,0,7,3,0,0,1
"525",18,1113,4,4,26,1,2,0,1,0,1,0,0,0,0,0,0,0,0,1,0,0,0,0,1,0,1,0,1,2,3,2,1,0
"870",12,652,4,4,24,1,1,0,1,0,0,0,1,0,0,0,0,0,0,0,0,0,0,1,0,1,0,0,1,7,2,1,1,0
"668",48,3609,1,1,27,1,1,0,1,0,0,0,0,0,0,0,0,0,0,0,0,0,1,0,1,1,0,0,1,2,3,0,1,0
"142",36,4795,4,1,30,1,1,1,1,0,1,0,0,0,0,0,0,0,0,0,0,0,0,0,1,0,0,1,1,1,0,2,1,0
"256",60,7418,1,1,27,1,1,0,1,1,1,0,0,0,0,0,0,0,0,0,0,0,0,0,1,0,1,0,0,2,3,2,0,1
"125",18,1924,4,3,27,1,1,0,1,0,0,0,1,0,0,0,0,0,0,0,0,0,0,1,0,1,0,0,0,1,3,2,1,0
"935",12,1498,4,1,23,1,1,0,1,0,1,0,0,0,0,0,0,0,0,0,0,1,0,0,1,1,0,0,1,2,1,1,1,0
"720",20,6148,3,4,31,2,1,1,1,0,0,0,0,0,1,0,0,0,0,0,0,1,0,0,1,1,0,0,2,7,1,2,0,0
"195",45,3031,4,4,21,1,1,0,1,0,1,0,0,0,0,0,0,0,0,1,0,0,0,1,0,1,0,0,2,2,2,2,0,1
"701",12,1123,4,4,29,1,1,0,1,0,0,0,1,0,0,0,0,0,0,0,0,0,0,1,0,0,1,0,3,2,1,0,1,0
"714",9,1138,4,4,25,2,1,0,1,1,1,0,0,0,0,0,0,0,0,0,0,0,0,0,1,0,1,0,1,2,3,1,0,1
"2",48,5951,2,2,22,1,1,0,1,0,1,0,0,0,0,0,0,0,0,0,0,0,0,0,1,1,0,0,1,2,3,2,1,0
"757",6,1299,1,1,74,3,2,0,0,1,0,0,0,1,0,0,0,0,0,0,0,0,0,0,1,0,0,0,1,2,3,3,0,1
"297",12,4675,1,4,20,1,1,0,1,0,0,0,0,0,1,0,0,0,0,0,0,0,0,1,0,1,0,0,0,1,1,0,1,0
"712",6,1198,4,4,35,1,1,0,1,0,0,1,0,0,0,0,0,0,0,0,0,0,0,0,0,1,0,0,1,7,0,1,1,0
"593",21,1572,4,4,36,1,1,0,1,0,0,0,0,0,0,0,0,0,0,0,0,1,0,0,1,0,1,0,4,7,3,0,1,0
"731",24,6403,1,2,33,1,1,0,1,1,1,0,0,0,0,0,0,0,0,0,0,0,0,0,1,1,0,0,1,1,1,2,0,1
"66",27,5190,4,4,48,4,2,1,1,0,0,0,0,0,0,0,0,1,0,0,0,0,0,0,1,1,0,0,0,7,2,0,0,1
"104",9,1919,4,3,35,1,1,1,1,1,0,0,1,0,0,0,0,0,0,0,0,0,0,1,0,1,0,0,1,5,1,2,0,1
"124",10,781,4,4,63,2,1,1,1,1,0,0,0,1,0,0,0,0,0,0,0,0,0,0,0,1,0,0,1,7,0,3,0,1
"887",24,2825,4,3,34,2,2,1,1,1,0,0,0,0,0,0,0,0,0,0,0,0,0,0,1,1,0,0,0,5,0,2,0,1
"451",36,11054,4,2,30,1,1,1,1,1,0,0,0,0,1,0,0,0,0,0,0,0,0,0,1,0,0,1,0,2,1,0,0,1
"812",6,484,3,3,28,1,1,0,1,0,1,0,0,0,0,0,0,0,0,1,0,1,0,0,1,0,1,0,1,5,3,2,0,0
"959",28,4006,3,2,45,1,1,0,1,0,0,0,0,1,0,0,0,0,0,0,0,0,0,0,1,0,1,0,1,2,1,1,0,1
"65",24,3181,4,4,26,1,1,1,1,0,1,0,0,0,0,0,0,0,0,0,0,0,0,0,1,1,0,0,1,1,2,0,1,0
"388",18,7374,4,4,40,2,1,1,1,1,0,0,1,0,0,0,0,0,0,0,0,0,1,0,1,0,0,1,1,0,2,2,0,1
"241",24,915,4,2,29,1,1,0,1,0,0,0,0,1,0,0,0,0,0,0,0,1,0,0,1,1,0,0,0,7,1,1,1,0
"133",15,2708,2,3,27,2,1,0,1,0,0,0,1,0,0,0,0,0,0,0,0,1,0,0,1,0,1,0,1,1,2,0,0,1
"238",21,2767,4,2,61,2,1,0,1,0,0,0,0,0,0,0,0,0,0,0,0,1,0,1,0,0,1,0,2,7,1,2,0,0
"547",24,2022,4,4,37,1,1,1,1,1,0,0,0,1,0,0,0,0,0,0,0,0,0,0,1,1,0,0,1,2,1,0,1,0
"145",21,2288,4,4,23,1,1,1,1,1,0,0,1,0,0,0,0,0,0,0,0,0,0,0,1,1,0,0,1,1,2,0,1,0
"148",12,682,4,3,51,2,1,1,1,1,0,0,0,1,0,0,0,0,0,0,0,0,0,0,1,1,0,0,2,5,1,0,1,0
"983",21,2923,1,1,28,1,1,1,1,0,0,0,0,1,0,0,0,0,0,0,0,1,0,0,1,0,0,1,2,2,1,3,1,0
"392",12,983,1,4,19,1,1,0,1,0,0,0,1,0,0,0,0,0,0,0,0,0,0,1,0,0,1,0,4,1,3,2,1,0
"186",15,1360,4,2,31,2,1,0,1,1,1,0,0,0,0,0,0,0,0,0,0,0,0,0,1,1,0,0,1,2,2,0,0,1
"680",18,1453,3,1,26,1,1,0,1,0,1,0,0,0,0,0,0,0,0,0,0,0,0,0,1,1,0,0,1,1,3,0,1,0
"306",6,1543,4,2,33,1,1,0,1,0,0,0,1,0,0,0,0,0,0,0,0,0,0,0,1,1,0,0,4,2,3,0,0,0
"271",18,2662,4,3,32,1,1,0,0,0,0,0,0,1,0,0,0,0,0,0,0,0,0,0,1,1,0,0,0,5,2,0,0,1
"48",6,1352,1,2,23,1,1,1,1,0,0,0,0,0,1,0,0,0,0,0,0,0,0,1,0,0,0,0,3,0,2,1,1,0
"627",6,2116,2,2,41,1,1,1,1,0,0,0,1,0,0,0,0,0,0,0,0,0,0,0,1,1,0,0,1,2,3,3,0,1
"362",12,3399,2,3,37,1,1,0,1,0,1,0,0,0,0,0,0,0,0,0,0,0,0,0,1,0,0,1,0,7,1,3,0,1
"902",20,3485,2,4,44,2,1,1,1,1,0,0,0,1,0,0,0,0,0,0,0,0,0,0,1,1,0,0,0,1,3,0,0,0
"554",12,1995,4,1,27,1,1,0,1,1,0,0,0,1,0,0,0,0,0,0,0,0,0,0,1,1,0,0,2,1,1,2,0,1
"961",6,1740,2,2,30,2,1,0,1,1,1,0,0,0,0,0,0,0,0,0,0,0,0,1,0,1,0,0,1,7,3,0,0,0
"849",9,1364,3,4,59,1,1,0,1,0,1,0,0,0,0,0,0,0,0,0,0,0,0,0,1,1,0,0,1,5,3,1,0,1
"216",6,932,1,3,39,2,1,0,1,1,0,0,0,0,0,1,0,0,0,0,0,0,0,0,1,0,1,0,0,5,2,2,1,0
"606",24,2828,4,4,22,1,1,1,1,0,0,0,1,0,0,0,0,0,0,0,0,0,1,0,1,1,0,0,3,2,3,1,0,1
"578",24,1927,3,2,33,2,1,1,1,1,0,1,0,0,0,0,0,0,0,0,0,0,0,0,1,1,0,0,0,2,1,0,1,0
"469",33,2764,2,2,26,2,1,1,1,1,0,0,0,0,0,0,0,0,0,0,0,0,0,0,1,1,0,0,1,2,1,0,1,0
"811",8,907,3,2,26,1,1,1,1,0,0,0,0,0,0,0,0,0,0,0,0,0,0,0,1,1,0,0,1,1,3,2,0,0
"836",12,1082,4,4,48,2,1,0,1,0,0,0,0,1,0,0,0,0,0,0,0,1,0,0,1,1,0,0,1,2,1,1,0,1
"514",12,585,4,4,20,2,1,0,1,1,1,0,0,0,0,0,0,0,0,0,1,0,0,1,0,1,0,0,1,2,3,2,0,0
"669",12,4843,3,4,43,2,1,1,1,1,0,0,0,1,0,0,0,0,0,0,1,0,0,1,0,1,0,0,1,7,2,1,0,1
"351",9,1236,1,4,23,1,1,1,1,0,0,0,0,0,0,0,1,0,0,0,0,0,0,1,0,1,0,0,1,1,3,0,1,0
"50",12,2073,4,2,28,1,1,0,1,0,1,0,0,0,0,0,0,0,0,0,1,0,0,0,1,1,0,0,2,2,3,0,1,0
"781",39,4933,2,2,25,2,1,0,1,1,1,0,0,0,0,0,0,0,0,1,0,0,0,0,1,1,0,0,1,5,3,2,0,1
"170",24,1935,4,4,31,2,1,1,1,1,0,0,0,0,0,0,0,0,0,0,0,0,0,0,1,1,0,0,1,7,3,2,0,0
"169",24,3972,2,4,25,1,1,1,1,0,0,0,1,0,0,0,0,0,0,0,0,0,0,1,0,1,0,0,1,5,2,0,1,0
"408",15,1053,4,2,27,1,1,0,0,0,1,0,0,0,0,0,0,0,0,0,0,0,0,0,1,1,0,0,1,1,3,1,0,0
"778",18,3509,4,1,25,1,1,0,1,0,1,0,0,0,0,0,0,0,0,1,0,0,0,0,1,1,0,0,1,5,3,1,1,0
"671",24,4139,3,3,27,2,1,1,1,1,0,0,0,0,0,0,0,0,0,0,0,0,0,0,1,0,1,0,2,2,2,0,0,1
"965",6,454,3,1,22,1,1,0,1,0,0,0,0,0,0,0,0,1,0,0,0,0,0,0,1,0,1,0,1,1,2,2,0,0
"492",27,8318,2,4,42,2,1,1,1,0,0,0,0,0,0,0,0,0,0,0,0,0,0,0,0,0,0,1,1,7,0,2,1,0
"741",24,2325,2,3,32,1,1,0,1,0,0,0,0,1,0,0,0,0,0,0,0,1,0,0,1,1,0,0,2,5,1,1,0,1
"506",10,1309,4,4,27,1,1,0,1,0,0,0,0,1,0,0,0,0,0,1,0,0,0,0,1,0,1,0,0,2,2,0,0,1
"610",15,1300,4,4,45,1,2,0,1,0,0,0,0,0,1,0,0,0,0,0,0,1,0,0,0,1,0,0,0,7,0,0,0,1
"517",6,1361,2,4,40,1,2,0,0,1,0,0,0,1,0,0,0,0,0,0,0,0,0,0,1,0,1,0,1,1,3,1,0,1
"531",36,2273,3,1,32,2,2,0,1,0,0,1,0,0,0,0,0,0,0,0,0,0,0,0,1,1,0,0,1,5,1,2,0,1
"707",48,6560,3,2,24,1,1,0,1,0,0,0,0,1,0,0,0,0,0,0,0,0,0,0,1,1,0,0,2,5,2,2,0,1
"874",15,874,4,1,24,1,1,0,1,0,0,0,0,0,0,0,1,0,0,0,0,0,0,0,1,1,0,0,0,1,3,0,1,0
"853",15,1471,4,4,35,2,1,1,1,1,1,0,0,0,0,0,0,0,0,0,0,0,0,0,0,1,0,0,1,2,0,0,0,1
"751",6,428,2,1,49,1,1,1,1,0,0,0,1,0,0,0,0,0,0,0,0,1,0,0,1,1,0,0,1,7,2,1,1,0
"268",24,1533,4,3,38,1,1,1,1,0,1,0,0,0,0,0,0,0,0,0,0,0,1,0,1,1,0,0,1,1,1,0,1,0
"138",12,766,4,3,66,1,1,0,1,0,1,0,0,0,0,0,0,0,0,0,0,0,0,0,1,0,1,0,3,2,3,2,0,1
"120",12,2366,3,3,36,1,1,1,1,1,0,0,0,1,0,0,0,0,0,0,0,0,0,0,1,0,0,1,3,5,1,2,0,0
"758",15,1271,3,4,39,2,1,1,1,1,1,0,0,0,0,0,0,0,0,0,0,0,0,0,0,1,0,0,0,2,0,3,0,1
"962",21,2353,1,4,47,2,1,0,1,1,0,0,0,1,0,0,0,0,0,0,0,0,0,0,1,1,0,0,1,2,2,2,0,0
"922",48,12749,4,1,37,1,1,1,1,1,1,0,0,0,0,0,0,0,0,0,0,0,0,0,1,0,0,1,3,5,1,0,0,1
"986",15,1433,4,3,25,2,1,0,1,1,0,0,1,0,0,0,0,0,0,0,0,0,0,1,0,1,0,0,1,2,2,1,1,0
"869",36,7409,3,2,37,2,1,0,1,0,0,0,0,0,0,0,0,0,0,0,0,0,0,0,1,1,0,0,0,7,2,0,0,1
"389",15,2326,2,4,27,1,1,0,1,1,0,0,0,0,0,0,0,0,0,0,0,1,0,0,1,1,0,0,3,2,1,2,0,1
"497",36,9034,4,1,29,1,1,1,1,0,0,0,1,0,0,0,0,0,0,0,1,0,0,1,0,0,0,1,2,1,0,2,0,1
"521",24,5507,3,4,44,2,1,0,1,1,0,0,0,0,0,0,0,1,0,0,0,0,0,0,0,1,0,0,1,7,0,0,0,1
"377",18,2320,2,3,34,2,1,0,1,1,1,0,0,0,0,0,0,0,0,0,0,0,0,0,1,1,0,0,1,0,3,0,0,0
"201",9,936,4,2,52,2,1,1,1,1,0,1,0,0,0,0,0,0,0,0,0,0,0,0,1,1,0,0,3,7,1,0,0,1
"831",24,2375,4,2,44,2,2,1,1,1,0,0,0,0,0,0,0,0,0,0,0,0,0,0,1,1,0,0,3,2,1,0,0,1
"64",48,14421,2,2,25,1,1,1,1,0,0,0,0,0,0,0,0,0,0,0,0,0,0,0,1,1,0,0,1,2,1,2,0,1
"386",18,2238,2,1,25,2,1,0,1,1,1,0,0,0,0,0,0,0,0,0,0,0,0,0,1,1,0,0,1,2,1,0,1,0
"324",18,2659,4,2,28,1,1,0,1,0,0,0,1,0,0,0,0,0,0,0,0,0,0,0,1,1,0,0,4,2,1,1,0,1
"136",12,1240,4,2,38,2,1,1,1,1,1,0,0,0,0,0,0,0,0,0,0,0,0,0,1,1,0,0,0,7,3,0,1,0
"989",24,6579,4,2,29,1,1,1,1,0,0,0,0,0,1,0,0,0,0,0,0,0,0,0,0,0,0,1,1,0,0,1,0,1
"675",21,2580,4,2,41,1,2,0,1,1,0,0,0,0,0,0,0,0,0,0,0,1,0,0,1,0,1,0,3,1,3,0,0,1
"504",24,1216,4,4,38,2,2,0,1,1,1,0,0,0,0,0,0,0,0,0,0,1,0,0,1,1,0,0,2,1,0,2,0,1
"30",60,6836,3,4,63,2,1,1,1,1,0,0,0,0,0,0,0,0,0,0,0,0,0,0,1,1,0,0,1,7,0,1,0,1
"665",6,1047,2,4,50,1,1,0,1,1,0,1,0,0,0,0,0,0,0,0,0,0,0,0,1,0,1,0,1,2,2,3,1,0
"637",24,1376,4,1,28,1,1,0,1,0,1,0,0,0,0,0,0,0,0,0,0,0,0,0,1,1,0,0,3,5,1,0,1,0
"927",18,1049,4,4,21,1,1,0,1,1,0,0,1,0,0,0,0,0,0,0,0,0,0,1,0,1,0,0,1,1,2,1,1,0
"43",18,6204,2,4,44,1,2,1,1,1,0,0,0,0,0,0,0,1,0,0,0,0,0,0,1,0,1,0,1,2,3,2,0,1
"512",36,4686,2,2,32,1,1,1,1,0,0,0,0,0,1,0,0,0,0,0,0,0,0,0,0,0,0,1,1,2,0,0,0,1
"199",24,2760,4,4,36,1,1,1,1,0,0,0,0,0,1,0,0,0,0,0,0,1,0,0,0,1,0,0,0,7,0,2,0,1
"196",9,1501,2,3,34,2,1,1,1,1,0,1,0,0,0,0,0,0,0,0,0,0,0,0,1,0,0,1,1,7,1,2,1,0
"794",24,2892,3,4,51,1,1,0,1,0,0,0,1,0,0,0,0,0,0,0,0,0,0,0,0,1,0,0,1,7,0,3,0,0
"516",6,609,4,3,37,2,1,0,0,1,0,0,0,1,0,0,0,0,0,0,0,0,0,0,1,1,0,0,1,5,2,1,1,0
"733",8,760,4,2,44,1,1,0,1,0,1,0,0,0,0,0,0,0,0,1,0,0,0,0,1,0,1,0,1,5,3,2,1,0
"78",11,4771,2,4,51,1,1,0,1,1,1,0,0,0,0,0,0,0,0,0,0,0,0,0,1,1,0,0,1,5,2,2,0,1
"181",36,9572,1,1,28,2,1,0,1,1,0,0,0,0,0,0,0,0,0,0,0,0,0,0,1,1,0,0,1,1,1,0,0,0
"288",48,7582,2,4,31,1,1,1,1,1,0,0,0,0,0,0,0,0,1,0,0,0,0,0,0,0,0,1,2,0,0,2,0,1
"317",12,708,2,3,38,1,2,0,1,0,0,0,1,0,0,0,0,0,0,1,0,0,0,0,1,0,1,0,1,2,2,1,0,1
"640",42,4370,3,2,26,2,2,1,1,1,1,0,0,0,0,0,0,0,0,0,0,1,0,0,1,1,0,0,1,5,2,1,0,1
"878",36,3595,4,2,28,1,1,0,1,0,1,0,0,0,0,0,0,0,0,0,0,0,0,0,1,1,0,0,1,7,1,0,0,1
"988",13,1409,2,4,64,1,1,0,1,0,1,0,0,0,0,0,0,0,0,0,0,0,0,0,1,1,0,0,2,0,3,0,1,0
"690",12,3651,1,3,31,1,2,0,1,0,0,0,0,1,0,0,0,0,0,0,0,0,0,0,1,1,0,0,4,2,2,1,0,1
"888",48,15672,2,2,23,1,1,1,1,0,0,0,0,0,0,0,0,0,0,0,0,0,0,0,1,1,0,0,1,2,1,2,0,1
"587",9,2799,2,2,36,2,2,0,1,1,0,0,0,1,0,0,0,0,0,0,0,0,0,1,0,1,0,0,1,2,3,1,0,1
"411",24,1967,4,4,20,1,1,1,1,0,1,0,0,0,0,0,0,0,0,0,0,0,0,0,1,1,0,0,1,7,1,2,1,0
"633",15,1444,4,1,23,1,1,0,1,0,1,0,0,0,0,0,0,0,0,0,0,0,0,0,1,1,0,0,0,1,2,2,0,1
"545",12,1255,4,4,61,2,1,0,1,1,0,0,0,1,0,0,0,0,0,0,0,0,0,0,1,0,1,0,1,7,3,0,0,1
"275",30,11998,1,1,34,1,1,1,1,0,0,0,0,0,0,0,0,1,0,0,0,0,0,0,1,0,1,0,1,1,0,1,0,0
"358",36,4463,4,2,26,2,1,1,1,1,1,0,0,0,0,0,0,0,0,0,0,0,0,0,1,0,0,1,1,2,1,0,0,1
"463",12,3017,3,1,34,1,1,0,1,0,0,0,1,0,0,0,0,0,0,0,0,0,0,1,0,0,0,1,1,1,3,2,1,0
"171",15,950,4,3,33,2,2,0,1,0,0,0,0,1,0,0,0,0,0,0,0,0,0,1,0,1,0,0,1,7,1,1,0,1
"567",12,1372,2,3,36,1,1,0,1,0,0,0,0,1,0,0,0,0,0,0,0,0,0,0,1,1,0,0,1,5,1,1,0,0
"917",10,2848,1,2,32,1,2,0,1,0,0,0,0,0,1,0,0,0,0,0,1,0,0,0,1,1,0,0,2,2,3,0,0,1
"801",24,1597,4,4,54,2,2,0,1,1,0,1,0,0,0,0,0,0,0,0,0,0,0,0,0,1,0,0,1,7,0,0,0,1
"660",18,6361,2,1,41,1,1,1,1,1,0,0,1,0,0,0,0,0,0,0,0,0,0,0,1,1,0,0,1,7,0,2,0,1
"558",21,5003,1,4,29,2,1,1,1,0,0,0,0,1,0,0,0,0,0,0,0,1,0,0,1,1,0,0,0,2,2,0,1,0
"526",26,7966,2,3,30,2,1,0,1,0,0,0,0,0,1,0,0,0,0,0,0,0,0,0,1,1,0,0,1,1,1,2,0,1
"743",21,3160,4,3,41,1,1,1,1,0,1,0,0,0,0,0,0,0,0,0,0,0,0,0,1,1,0,0,0,7,2,0,0,1
"716",30,7596,1,4,63,2,1,0,1,1,0,0,0,0,1,0,0,0,0,0,0,0,0,0,1,1,0,0,0,7,1,0,0,1
"437",6,660,2,4,23,1,1,0,1,0,0,0,0,0,0,0,0,1,0,0,0,0,0,1,0,0,1,0,3,5,3,0,0,0
"423",12,958,2,3,47,2,2,0,1,1,0,0,0,1,0,0,0,0,0,0,0,0,0,0,1,0,1,0,1,5,3,2,0,1
