X1,X2,X3
152.07798603806913,197.91040241492226,1.095707449583734
145.52048729208482,202.12803220556796,2.738825726603622
155.44127322680944,198.12269598159708,0.6404565018068369
150.38910478241806,206.80838298998606,0.6864855950185903
149.8632214739625,205.41752663587116,3.555813725644825
142.41081972289984,208.95808237843426,3.3838489095122393
150.6120204994311,201.2655807772856,1.1711598834796957
146.85703623467532,205.54499625153332,2.6211571192757455
151.39332334878972,202.98120024970257,1.0154929276871538
153.93825963789936,202.13972468433627,2.6967690941931433
147.33248157055914,203.49751735398937,2.475645687185775
159.55707167613224,198.90819387923185,3.5550692081848125
151.05878519272332,194.13735700071314,2.6519192027477185
145.21334654357304,197.51016955976917,1.6540534240930294
155.97347338398896,197.3099440192063,1.004309877390754
153.29553280678735,201.47220702115692,0.5609632457542434
153.87487752617852,200.57918950281262,2.142013928328516
149.79575104236915,200.0501850857601,2.0309219632079474
150.36606714781445,202.91006560671715,2.590770320804202
148.99265786854085,206.30818022397293,1.3761468418198701
149.6475856020753,193.65450335242159,0.8655481548270785
147.35045748411383,191.54604628768257,0.6023230702351137
155.44468815834279,188.53203782793645,4.735536337369277
147.35075822003967,198.46163797335117,1.7857038330897401
152.6851285880913,204.33707278159642,0.9495338679201366
153.6977350196686,210.38790330562864,1.6260496100861301
147.5935855171765,206.40889547969672,2.150373262471753
148.44285347580936,192.79515552443746,1.650450524926883
142.85479363352084,209.16014485827645,2.1820383470821376
153.53105009455126,197.73092910966076,3.4048987389986634
149.3574377317797,200.44999816371754,2.627188091133449
151.66687569745864,201.867385497337,2.5408677439281435
154.0517783144462,206.48207062843662,1.0775270830462884
149.31001134887876,195.11214297887756,1.7165902737640706
156.04200771989068,200.23036081755131,0.7239792992857285
148.7970926164858,197.76277200412028,2.084703977004541
151.7008748216593,191.56984060631027,1.6763345901173117
159.23382531953874,198.50095303186077,0.12505660908219457
150.13886564558885,197.72853032533246,1.800732634449295
141.083135517315,193.50488383622223,1.3205079102035855
146.91284675625437,193.35224065843497,2.8236763843656245
152.39064159293795,204.12956761027823,1.2844820158788048
136.80617825445108,199.48868939263707,2.2710362780007634
145.52199429007288,195.6287181026555,0.5146643972884802
156.81356297269107,203.86830270016617,2.5607483737545724
151.23701084641974,204.02110524727186,0.26837481992994194
155.96034871533894,210.68831690502472,1.0919584543270477
150.01244851946856,194.16978833107163,4.015224594341429
148.1636919558039,195.77085782795265,1.1121261623267975
145.86718607954236,207.17237868409427,2.347346934889598
156.37659062066123,199.97663320382802,1.195753587249758
153.34452309789668,204.1143445367468,1.5594055840047434
150.50757600939025,196.3447536861938,1.723368746420828
158.38398631689162,200.26386286854003,2.5830357431029762
147.63659276798165,195.40878928229432,3.29361133025872
157.09006056600668,194.61105707076078,1.1600114459645061
145.1282727213681,200.63255490717867,0.9008327573917815
157.07876068346346,194.85470546247507,4.069381748829897
150.7347372228338,212.83864914345568,1.726423787021396
144.16456380170422,201.99720828723227,3.0383953939370447
156.6146536550012,196.48450919900267,2.5654749373988883
156.4708513209965,196.32792615119695,1.8828059900882146
160.8123652538325,201.31951989333646,1.362335456935976
148.6685915708469,200.14619258488537,2.8537963951104803
149.34921615780812,198.94990061179948,3.4960545680523407
153.8184013684344,204.96035852478136,3.5796236993325135
150.9615093512779,200.67945277273864,3.431271484384074
155.93772403303598,202.5808131670048,2.3399809763058994
149.86267233039146,200.97315265298027,2.2926872763487696
160.91214520018488,200.5440626281259,3.5553431921004366
149.99717425435816,192.04856966242258,4.58397697411082
144.3144047191924,198.49708573794143,1.7503651030339502
149.93649396250964,195.67939912032404,2.5286346853944615
136.95192769136347,196.51808313883504,4.275100509174573
158.7974711374818,196.63652016080323,1.9216796584515228
152.1169541465099,198.23538256066252,1.5158291734630978
156.54028343929843,204.35625427293894,2.943582447340678
150.56005346317482,203.53514517422389,3.140438419674023
140.51161335211373,203.8455432071315,0.7316545436650486
147.82417824400895,200.09705593604278,1.7165651119864043
146.9263612323106,200.34023649918822,1.6173601079018778
148.0697428845885,193.058539506977,2.306813236096729
151.4230337482455,196.6532241006655,2.193917346221063
141.24143831065967,201.13558202237093,1.854515712213723
151.73949696507486,198.43298123355646,5.317448112806674
148.49605176778425,196.7246582261928,0.6389628796196668
150.5000187250471,196.9084879749848,1.5432864249532925
152.28714817825946,210.16082887192394,3.2739562818218433
143.17933436822008,204.67774638632912,2.0210268169204615
156.38341662525733,203.41266719352825,1.4868440662483076
141.11458995363148,207.30558209780074,0.9911644066844635
149.4489460230747,201.6597420050537,3.5662709427077157
142.07662649775227,194.80564442326377,0.7889693272076983
147.69752666003393,202.95049427216537,1.0255117177415183
156.23524920481358,201.80064024310883,0.9495342917804097
148.34122554682483,193.8614617944415,1.426960486509648
142.90790854502927,204.12561469790592,0.4753717123211002
146.93246068690388,203.4447737958912,0.7626079725028941
143.84228816237268,205.67618644926137,4.431098873344717
144.8230994270622,208.04750064115805,2.1528993035282014
144.92351820226642,197.04523482950754,0.8319835776800677
149.63735026213445,198.3458830789058,3.437864455635885
156.67481880746027,206.05882830427058,1.7953984506344296
145.30729517001038,201.09183174990943,2.4717366877764353
150.23032764360363,200.96594663724304,2.2104960092587667
145.3572630379151,199.57161878781605,1.0471712449186377
151.91750146183406,195.78011466660413,0.748794660991364
152.61020814054874,199.76839269841045,2.8098582049180267
163.4663728686961,211.2465611045464,2.882647251008846
142.89492341438086,202.4298861123021,2.0644629966137216
142.66245331606615,207.88799347966255,1.7136751243243038
148.96460596698344,191.11261713029833,1.5597881976580363
144.35373187195108,201.0708344388855,1.8316730757688426
155.4532255167359,201.20253336645564,2.6747857998835727
144.67846286925135,199.08347977418077,0.5678822403337582
152.9818699144571,198.33468079844897,1.1834444188256694
153.666844067721,203.33593621854817,0.450399770854079
148.97159001571376,202.33251721153846,3.962206718351583
146.32534713681315,200.68301026480736,3.0132968580876236
143.1962668430824,209.10623554139858,0.63994537925618
153.7242244864372,196.49708837271967,2.9209942706676495
154.86950460417003,200.57379977558955,1.303111129377248
151.3975251302422,196.32476665207906,2.7385888168035857
156.90265978746436,196.2952902344271,1.946024714942745
152.20738876453842,202.44288884951237,2.619060274723036
152.85078920719212,203.29993552113996,1.2336335528942606
148.79272616982013,199.10969512112268,1.2061552751127975
154.21868858321508,186.8722251911688,1.3658851646783514
139.54431404772424,206.7419603788781,1.4529168795218173
143.52121102456903,200.86175523568627,1.4856506187088394
155.63267376091872,204.87181208448752,3.2118563419161044
151.73820506641994,198.76428023117978,2.919083740695548
150.68392523282827,201.37634616300713,2.787579213600546
141.95927472436878,197.80494092735003,1.9400424251624409
149.52706424413523,196.5228606785717,1.3273486385595241
146.82614230213747,204.53167455438904,1.9716719088818015
148.66586364843744,204.75312135394233,0.9504373844258875
152.43552159812396,201.16812967238798,1.714352647355292
146.9836763749567,200.9982159214351,2.6214594649814797
149.102068108389,195.92490664331456,0.2564506511148762
152.08030420079285,195.82896304096283,1.2062987696140581
152.19383994107397,192.69508214018484,1.258077215336904
150.61243847425422,208.0758776551523,2.1469893963416533
154.7346644422282,201.087103516615,0.7401912461565828
157.05968645243922,206.31160891590486,2.5002271030030574
147.0650413034017,195.28797115684964,2.5237660159469737
140.57878222889224,199.85837491437445,1.5321956847409992
150.8792388548835,204.68553257902389,2.3248716299533028
157.22980224670212,199.63882001807607,3.027792616418764
152.08415988380554,201.2062833943525,3.432365429161294
149.8601202357636,197.7944692730054,1.5377966376513572
144.5274611463803,203.13370205755535,0.404698713234136
157.095900898661,199.73553213749062,0.37663195916426334
147.7859984022811,207.3110942289493,2.2057631791739274
150.9658718676491,195.73228848731156,2.6692706863162625
148.58922645479572,190.2166103011867,2.1732233942594963
152.0728422093874,195.95237394773235,3.6709906353885993
142.027580746506,202.6649269940255,1.1131312136746967
141.0850314542999,191.20682805824936,0.84249298323067
150.24311544852193,193.93591788841377,2.2501475921294656
150.1337189424799,199.09844974481874,2.9549482547490986
155.28031374294798,196.12735070414118,3.389569508358295
151.355619208448,200.8381637827073,2.212237042536701
147.9431914203213,204.45478535121953,2.9073425842356073
149.5516596123795,194.0648993394987,1.928169619622076
151.55306477871008,203.4554055459982,1.2750368546022273
146.07745987224556,196.0697662800396,2.926291153634054
137.15669875035425,198.4478020828441,3.340778333670148
145.62683973926028,194.7658519585301,2.735940892580777
148.80407308030127,200.0342325487107,1.5667700862003002
154.50049329365328,200.14234749634227,1.7142802904919878
149.46815506944222,195.65450615563537,0.34073974120256556
152.28299903591738,206.43979214526425,1.8778271291011246
147.8622786506522,209.26124489930908,1.8874950410694207
148.32593958747853,200.30995278582475,2.500249127627936
147.33640324259753,197.07573299757215,3.763348889969617
147.16581916736195,201.76504842574474,1.428402377174845
143.96216009931447,194.73136103858235,2.2109453602491898
151.47293567629708,202.18777498463228,3.560231442186854
155.07170154928127,202.80060828834047,1.6347789987638557
144.53868257770054,213.91756813274853,1.245734420109589
139.87515586706854,203.83837212569824,3.5885083519610506
148.30526574719644,200.48317787828563,1.2823809341587145
156.38361031262033,205.37702332942598,2.9908131977018053
154.94479168569956,202.00253618330527,1.4908671074852378
143.34613219956123,198.89428556140558,2.518941503488435
145.62952136301382,200.5495227425091,2.7927231807885904
155.52095567217788,201.90734388058172,1.9297153584630968
152.02319966800044,199.01762134859558,2.9573060323695373
151.5190388408741,204.5804045587245,1.8914612127928294
149.09975695200404,205.01697711434764,2.0184513334520355
154.5003467275592,196.36011131531328,1.923896182550488
152.93964658029589,206.32100938340858,0.9856026890050054
148.57907533047407,199.47538741129065,1.9250669226346435
157.35936893993332,200.53000673607184,0.881259322635453
148.60433516273935,196.5076099013978,2.113461059734414
154.92832381686597,202.85792455727318,0.5081296129412459
151.68858312222525,200.08415817470998,1.739542237257747
145.41462648609038,204.07220501643695,1.075340464501091
148.61792664790556,203.38216374634393,0.6582566809070397
145.02482271068249,195.82575543260975,2.3368127292515006
158.20503949954536,201.66641243498788,3.286322402932124
157.73966366503097,204.7634903360303,0.6772584516800493
151.4137734369656,197.9053828773715,1.6860634705975919
156.2452097283864,200.25981343197768,3.3805064249280163
142.47681601269812,204.43130563183846,3.3461540453095036
140.7744116676689,208.20904127886496,2.289222810069296
150.52223027616228,199.97214694385696,2.1777414127707013
147.8113203151965,194.59041949396413,1.598598548247765
144.7002689574054,191.31131201320898,2.622194570524545
152.92778826494063,208.28495059385227,0.5803503242732065
145.3065620474382,205.82142905134927,1.6595599166984825
149.45901782381,199.55962495038966,2.760650863109064
154.0667609630091,198.15085325257922,2.8533831324650976
146.19231079559432,202.15003430633536,0.7293239448186573
146.42575193942764,194.7593714209241,2.5075861496798426
149.28877639322045,202.83402150171725,1.618703957179298
143.3157542253999,194.83536798524926,1.0298870256037536
161.579112075872,204.78014008205307,2.227528034071372
150.37204664362758,195.64783321776517,2.4988958784904565
146.3005446303912,197.28217929025442,2.9182387637636262
158.46593876236952,201.8306140077584,0.46828242604496095
157.00852791795555,204.8761974295049,1.638977969993768
150.7667002243042,208.85338787923806,5.515572800887548
149.5605795887865,194.7431292876557,0.8437470278683132
151.04353499235125,197.19167009628822,0.4319134907417976
141.9220306110387,202.3191842978016,1.5233750831954824
150.35172218002717,194.76567803179745,1.9089812764240746
145.05162239439315,202.67056726585062,2.1497680503653354
151.1329659840634,198.83985935986436,1.807756602886914
153.7578069676886,197.9956508189725,3.4305121203512705
152.6308063293043,198.27735938385203,3.815253704273508
154.23395498169444,208.2233443857406,3.898957880351756
152.185191992346,198.83391696113344,0.9903265223042712
151.65199223022867,205.88311268077277,2.86785296800541
152.54687840018488,198.1712290574454,0.5791498631506982
150.05889922171787,195.8730105940475,3.013374915866135
152.81769840669702,199.91155602771894,3.315404614454408
147.30524234488416,198.6379852200655,2.2170875073180123
143.375849035799,191.21673207342465,0.951455941456512
152.79294458840715,207.17750170732728,1.1618714968067525
141.37660344520435,196.3740765536611,1.1873899172346518
155.2544693407346,206.46962367486398,3.33378402423347
150.79949739263063,202.7213094198826,2.133102071948026
143.82997821833808,200.76837930995774,2.1261433708727755
147.2974575148615,199.35666023217382,3.894996932448402
157.99676344849308,202.4515099495118,0.819805330075857
148.59917951001432,193.87633912806152,2.5464769509615373
151.03562331862605,200.06100423765707,1.6363671537008664
151.9780088531817,203.32991546165454,2.059972359100851
143.96227386943124,200.2855954693382,1.698380028491668
149.11744873676983,205.3904418107204,3.1742764456577874
150.62251449302258,195.77715732553588,1.9025996847210094
146.74959360417716,203.34359652496246,2.104888034157531
151.05072173707057,197.16831573143563,0.6606891785356583
146.3401957120083,199.5248423260268,2.058556677616005
156.677842959954,205.84711685030817,2.5168375358262542
143.39864796691015,198.80305416299686,2.8879038702871274
150.390068251076,200.3693072128089,4.62557048226455
157.46583692262732,197.97775720752557,1.1230098082910034
143.37851634994433,199.97128130548148,2.958599537337806
149.39334329088678,199.68792230423816,1.8706398718847304
161.75387185233626,199.01026539140926,2.544536358293868
152.08635416780652,201.6729329865656,1.4004152177318547
152.09586801742236,202.11156396815196,4.03227751539703
151.52770928432622,204.5686581141114,1.4020315458960573
150.77355685367604,198.13269644482008,2.1867958958295457
153.77437440749463,199.32374566353536,0.3725114969280477
142.2017958687558,197.13729766251825,1.8183602236568983
143.63445289424402,202.39120622666272,1.2231242791688275
154.62600762802657,195.18375093726922,3.6461489236895126
151.5986948883296,196.529154385202,1.4508568382226628
148.79344414668913,201.7844183368791,4.044270396738928
146.8918606815337,194.3163639574761,1.5703883905640992
151.12340613818787,193.48679462414762,2.9161320152510397
156.20910175831213,197.52983955659468,1.8064001010387924
155.81871934286238,202.00798653270274,1.240502087371739
152.8542860405883,199.50527039184735,1.3753013068434268
153.37370411194993,213.13153605493451,2.174011941391469
148.63304125978328,204.14454585770025,3.1453677449167188
155.58614033262938,196.02822774778434,1.0792931918910558
153.0027715770247,198.32602750735938,3.376960305244838
148.08419708611368,203.47518578414233,0.747400997501468
155.8037254883012,198.178107836429,0.5165690823165247
151.2739654715097,198.24768990122453,0.629344809624125
153.30593435799528,196.41078157592045,1.3932981735687866
150.54319083823987,200.9740882010185,1.8757862833932628
156.67064139939018,196.49306506696203,2.051003219732541
153.1346501600927,194.59291327711802,1.7024453064819332
156.22959495461032,212.08680278872455,1.7571715495426954
159.7695786270761,199.67363476654737,2.4205373980030123
148.3709893618002,190.05066047415147,1.7544029230395624
143.24006230339074,201.02161377737954,1.954490885615923
140.95620627381544,197.62377004129976,2.8803675061280125
158.98269984772344,199.0578113451235,1.425465637264359
155.94488656893108,201.31639958984925,0.7909578769868113
151.5100569290943,192.82431713249753,2.5927788901146127
143.4802937819556,193.43278445233074,3.1240297897955007
151.52599265989406,208.60838268626964,1.1550834402892058
146.86950803546213,198.06214011770695,1.2879299159679343
146.2937734985632,203.6498134934436,1.0373889909330265
155.80912856262694,200.41049458173399,1.3570452523164813
147.95204473572676,193.47044817954412,3.278992755957721
153.20893186094614,203.82872595572317,1.0704158154686305
146.88366390206616,201.43036786529723,1.8547511680895443
152.6058058001367,194.79701115347999,3.935376020572442
154.24369712869307,203.77557271185307,0.7731408815123528
146.1436943373477,193.43305449749613,1.6268032233596021
156.66386534727445,193.00211831912202,2.4091176945017168
150.99652285126234,206.80600204676622,1.7288490721535201
149.37025534932064,201.43617609634705,1.688830978121603
149.10364963865788,192.3833996055231,1.9026427603722702
152.30633879252983,196.6468603437986,2.582805580796818
155.1792398452813,202.9824162448007,2.3067154562424985
147.5978600985774,200.92856587325787,3.7885899881362297
146.20660361921938,206.91705198011795,1.3590283459603922
144.20777993570533,200.10567387214192,1.2551468419669087
148.09424602864274,202.9384239037469,0.5814007123565385
156.12771467014082,196.96688397767076,1.8578265489222088
160.43811531122407,210.1912551435644,2.0075613478327883
152.74929972571363,195.6319010919233,0.8590746045816188
144.0372718853605,202.15187197563867,2.603826232511859
148.70402657786883,196.74360718065537,0.18098498829568357
146.5054481200945,196.7040737055907,0.971143650483451
149.04187522648516,205.79242614503593,2.0086441114072153
143.46186241804116,205.33834307544856,2.71432417849434
149.99245789479852,204.27422671248692,0.6621064904897207
148.80333706211007,205.31106941820994,4.04635935831521
150.32142797861817,197.23261925285743,0.5316586900254273
154.74955139088001,197.3989849268005,3.248811923545852
139.0300129535834,203.01054786702863,1.5223434507982319
156.7337371367095,194.463794895495,1.6237664637426392
148.74632582251468,198.5708231640379,1.7593925262268773
150.09124896152363,205.16205562420623,2.5495330906190516
142.72818698091322,208.8227971820818,1.063932148873292
155.75192672604578,198.7724437381116,1.2855450753949107
152.53951633285368,200.37053931247075,1.7640195183500236
154.24953424806637,195.37272260717893,2.4053004985244275
154.27961347063547,191.06809937140227,2.693174346287795
148.57919127814623,194.50133208280695,3.5660408985863947
148.75353909453918,194.07563059331204,2.670600832191123
156.51580282577643,194.57205366955907,1.5213730569053858
148.57576565110276,189.64836334057628,1.2537020977623676
150.638543400822,204.11689705813788,1.7207968876907969
145.217202805627,195.18237762926628,1.3052662797413084
153.73880908564072,203.02961214467743,0.5880537576831477
145.71574290196548,196.56753412439332,3.5520293002581895
156.96529714010921,192.30177634262137,2.320894161337449
147.24673055445908,199.770629300634,2.071814649760986
146.39728678766068,205.61141356863996,2.6432993101143625
148.7773176904727,195.49682430956932,1.2760823283594003
156.50427069425623,208.29243672879613,1.8908113154522965
154.4697639808494,193.2788695776488,3.2640228921651655
150.32332868957943,206.20359533506564,0.4285895965147167
149.80805747684204,202.24045159126229,4.17123638446591
147.75058563583076,197.00014753525846,1.8583467994860636
151.30910764965213,202.64642465518887,0.7112244321367641
149.57161316982487,196.54429119686284,3.840410182677197
140.83782327903518,201.58384153382818,1.751497051415477
158.29731626776095,198.0781100619882,0.7417741388052949
152.20395187701857,206.78841118537812,1.608680011469818
149.09438042304774,193.44464112650869,0.8479701580750163
148.80977353889526,198.03002732841148,0.7061531145477865
153.80468131334575,199.07144306930545,1.928725457856325
151.29302447308757,194.68680202143156,1.8058207778515136
148.88843103252924,194.91238348702655,1.815781818139392
150.04829431620436,188.52237359266059,0.9214656384323149
145.82685143013052,200.95029256439665,0.36569968294067934
157.0487744213662,204.79091459621014,1.8450361346933453
151.1500855388178,199.70256442425637,1.6175600598402062
158.07320516255996,208.5331638290424,1.3657354015209124
157.02037434993966,206.26001369886623,3.962947209514964
150.42266918549123,197.2981969855993,4.140283404638601
153.51550988064963,203.95035191278697,4.012421605000494
148.65628058467865,202.72628106213196,3.6666851808374057
155.021162922809,199.7671584246157,2.4638578915982334
141.37003256491914,198.97063396980528,1.4238380629466496
154.67864198322138,202.41279687897355,1.6369262396753141
144.07208928451985,203.8944287569913,1.4017272550382471
150.20703919774542,204.67960970374082,1.2287113382432633
148.03488080469393,197.88987661482417,1.8763093529920325
154.54424251898467,193.06708811498487,1.8320670894132902
153.04645994762174,197.50273353905334,0.821512713066472
150.23567867844753,210.77526945573163,4.373958764950158
142.16386012220732,192.79146556698834,2.390586604338384
145.81135269186586,197.4531546009037,1.519377994508031
155.35215953169106,203.69889113838258,1.0487119973132795
155.77587534984298,194.43727657162873,1.198255739068565
151.15248490735942,189.79132284599874,0.9180269579929379
150.0741984408347,198.12429740827184,2.1182861489556006
150.68481468535492,207.2182057127301,1.5299926028681203
143.3142171164155,196.6539401367917,1.0523654604916153
145.29248050149403,199.05887300355212,3.512908236826954
151.92682027684407,204.7743244768349,1.276511108997138
158.85257854831454,200.58981198060388,2.765922949795897
154.84435162674043,199.2238925161115,2.8370705302779777
153.01422972866058,199.8063185132874,1.082485959160865
139.62326083861706,199.85128968723328,0.8371198167637455
145.368953969347,194.17922650618453,1.0779856597167654
144.73055809682427,198.92723743960656,2.2823428989726584
45.58483729047289,147.4571237819776,2.378289484528626
42.14299641794999,151.87301440472038,1.842737934103799
43.74890973997178,153.712598553633,1.8999400648729965
50.00261188762064,150.29825907424802,3.3246466464478632
49.72811439948446,152.95326146864173,1.1420214980385326
51.39861184599227,142.30742778095106,1.519313020493244
58.01948041110241,158.07502682507337,1.8852786484092823
50.67766135201115,150.38938862366936,3.8011444411486766
44.017846077854685,145.17582145968893,2.4415222024867975
56.07627201080381,144.85883569813723,2.0041472590578326
45.62727125571093,151.83121298443461,1.7006765187183401
47.14750990283972,151.861023466635,1.6221551457795638
49.93278777979056,142.39091635418157,1.4194097203201816
56.28564437789465,142.5306874942744,4.568367196108141
56.38740143405717,146.95787776242747,2.900017564676747
52.60359783642662,154.59025428973254,2.002228835848538
54.59346427592747,154.20779750952028,1.9847346914724655
46.93661623490019,149.36710964755468,1.18318939419195
48.96252533058415,151.0519764738607,1.3058341278376788
56.65967393451824,153.5997942085164,4.244505453169727
55.06186232400712,147.27929598341794,3.3336452646008583
47.415743187955734,148.71997938176037,0.422660185180569
45.794543602588924,149.5293445199777,0.840607500473791
38.51634679937613,157.16665857984026,1.4280564691141224
55.16112120907708,152.88420516688953,2.6063238620311493
50.46891928972019,148.23525153619974,0.7759671434001116
54.181385609089375,149.04118500335815,2.8343952575625693
48.866396853922076,149.4017936863411,2.476072185134811
55.18885429275192,151.3830014189338,4.296582820266697
50.629335604671,151.45024934766315,1.1809702193101796
44.02821918947336,153.27019982764062,1.615759984721337
50.05177768699279,150.2199178917581,2.0523819979285927
47.188664781488995,145.22858107481784,3.2829447338351008
50.38604765026799,157.4769920381505,0.7851714466783182
50.20697684636198,155.2034358654974,0.465223657437296
51.75700070024202,145.41367517432357,3.331270138548473
45.41276334929246,150.0970207377005,0.9946490997464754
55.73219434127616,148.446220578107,1.6615583295096032
54.54253590578656,156.83566644939836,1.0687615495756464
51.90034122674867,151.78130467492863,3.543269729629981
44.47237089700659,145.03724975762242,0.7635708251666531
51.458985917988514,144.80175723427243,2.3347835631415226
44.531094557228684,152.38205708146748,1.9808946040036242
44.87839726623802,156.92166209571928,1.37195274797949
51.18888111080952,149.18326274387456,2.411925346140375
52.7473292596786,147.72813705725804,0.5202201166483804
45.61321759854315,138.0751686569573,0.5751169714703965
49.034539026508625,147.01477235201568,1.1916805716930954
49.61089492714414,152.81177976461052,1.430392048535852
47.10758799963026,151.513465996605,0.875313357438191
51.417626210375836,151.33732141709106,1.371976235782582
48.94445000498581,147.8220430179691,4.366283409167065
47.45318721578982,151.50154252023768,0.7718511869744549
55.65921869105098,145.30307097491914,2.721674841203395
47.72182307965772,149.6422948195044,0.8253591576955785
51.74199193055793,146.62351934682184,3.7494521112466694
57.22183890087364,136.82091240478462,2.5520607252570136
47.7904411482,154.8350232712302,2.6731760748841173
54.91972276973587,148.6774020793244,1.232306439996924
50.161246858854696,155.66269660638585,2.1848282990972625
49.31727348264739,142.04840115702186,2.342634720505016
52.42235094778199,140.57940771883761,1.1297772239790367
46.42390565049844,156.68299702921792,2.9475452008226277
48.01955088018782,150.1029401762705,2.00197701059616
52.96600741060528,153.9985523192949,0.3321841006347802
50.9781109556718,151.275077268915,2.423319571654736
41.385454445430355,153.22282485853364,1.8503440045912853
50.95221555157446,151.10234061015083,1.5953310956817097
54.99944775661928,142.4473573312453,0.958840155725732
43.011646545599795,147.4746840825634,1.3473492658701285
59.04145743898741,145.85017038835457,1.5615907206623942
49.03432598474964,145.84048190972086,3.8322635939754006
52.93597538305682,153.51344477653205,2.064797251184679
50.212046442469884,149.65450710633644,1.7146884727183618
50.31480350119136,148.02666205613852,2.4107576226936773
55.54747180563531,155.90900005306585,3.0188527126154208
46.5329728842961,154.52005563766733,1.6708346726818633
50.10096081258604,145.78836778790523,2.2951288670732906
44.40706390691794,157.0732929442579,3.0406424364608533
51.82090549622994,150.37150238740355,2.6750461249211446
48.62238387486567,146.99889476536575,1.1213945159892655
46.14821167672071,146.97178441895434,2.9708073346058663
44.86283181893871,152.34996998743173,3.748821813740221
53.398108305773086,152.45809583088368,0.8095959019792017
54.6183851621277,147.9657831467057,1.0372207855182918
52.5169741815042,148.86852638474343,1.8995640539727554
50.502712655840966,161.92623165105164,2.67557022456603
49.34126763001602,148.71535666320216,1.4670457944619066
45.610063783042904,150.09078077225487,0.706096479432634
47.95923948506468,149.68325638592017,2.0981320046976846
48.938498741796444,155.75468546303694,2.4420584431194596
42.389088839094164,144.22815329859756,2.1496843916377166
50.56930640453677,154.25999110429075,1.5488697013640809
50.04431206602995,147.52900320106573,1.304647285202452
52.355075638623354,143.46461738881422,1.3854264468970572
52.91673479522463,146.47494836714355,0.8595927463811128
48.92755070930871,148.64175468297213,2.1789852521804
50.082650645431265,151.11042850789607,1.5320601547192017
53.54809493835253,149.227150671664,1.4696761143134704
52.65626023909063,142.7702734457104,0.7500690625822459
371.26380647290915,144.34499724744992,18.467004628384572
302.1963265478074,147.53656396942267,9.710536418800073
357.6560973586445,147.9418119103758,11.358349620397533
367.6947140783575,149.93049285348914,6.399250364917902
390.51005548690836,148.86361546630278,12.66964254253669
325.22523111303957,154.04058038031627,5.976827094103764
337.03744531025967,152.0889749172383,4.919944046690528
376.5667620991061,153.38603280527312,7.268708604683931
326.93294900623346,148.8948823472722,5.063907130947207
373.865435680454,146.8344064104591,12.829038461338648
328.8447959997069,142.60449758778185,11.65615791869135
341.80064007867503,145.7052938661291,5.637414843100452
302.8086295252441,153.80228163935843,6.305512292739929
375.4794670613872,152.2849099139492,10.925360936738759
383.33301721885334,146.98349801895205,4.057153787474176
320.25573791325814,154.35949074975264,14.252545173699488
317.4067353729069,162.30887122468673,0.43076944766746017
307.49616852801097,145.92394397142593,8.15242818971728
371.4916530009855,150.03833520973302,10.17983601939554
320.1065753186927,154.48320013001856,14.469386769675536
308.6218157432577,154.22439568143753,5.205472000983081
362.8806895102083,139.35349971165024,4.402280739761466
362.8880198616617,151.02403666564206,14.626115608493908
369.4744671984925,152.2527517259245,12.450018686350978
319.9841456503298,158.23882279770143,3.6435641366194664
320.8431721607383,154.5772908340318,16.524449938085656
338.36280404051456,144.33781738971487,10.12168901666541
380.2528318177061,157.6213501849834,6.814465654588776
375.34597684378895,148.48917964001902,11.10663220406935
336.1911526214231,157.389724655279,5.86253589477011
380.11563888276794,142.4811166820553,8.665812607475093
308.47833917366864,149.989435329142,7.889969253431348
380.00685789738696,150.05953360398783,9.1302180954854
301.51354879120794,152.20038474199117,3.7026413204156245
319.9198221327858,153.29016632027174,2.70257036795522
327.7067995306202,145.64072305215825,4.933895535561865
387.98127662999116,153.71617075468163,10.407093824571653
349.5273948060367,148.09268897041153,6.338548780458935
307.11730388370955,157.36786531171802,9.610411066854875
340.9601086522691,145.02695238744977,4.1676136158459
398.2843636689657,155.3875919168508,9.873947463546106
382.00934522764965,150.63141272104312,4.952823997278357
372.3040970736264,150.80442613468776,10.086657135628368
378.1125886587513,153.32822043583676,0.5273525463231614
347.75195009802303,154.2773411145117,8.714503770201095
367.3202321045141,156.58665186957487,3.6639731780654037
314.9928231807647,149.91576931151533,12.95317065926961
309.2006014547445,150.57889318325462,11.47503217712232
374.5798093938171,153.01589255063044,1.1686669460140848
392.58404146311454,152.54129381038533,8.683870206028685
334.72595905761887,149.68105655362552,24.537805934070906
331.0362341340677,156.92315895577937,10.268294133505757
396.8931468162982,153.9435218208162,5.16914749896485
362.57085218095403,157.64435799153665,1.8076973797605194
347.7369816574533,145.2357798221449,17.213966365635713
315.22437373746544,152.81811445931828,6.673751272553524
394.4927038502098,152.05258259736766,2.2085745088049165
381.41431115774037,159.92052581710968,13.83507672005725
342.30688796833965,152.8651851184171,8.497159708777694
302.7372201183901,151.61451937125187,11.4206313998805
315.0052630976256,158.89389749395826,12.615674078352956
367.835292848436,148.89292092649197,10.994631068626084
353.67610309346594,153.9888326423498,7.550686095355401
300.4324225601649,147.57757143830193,6.844388006860084
318.50637905848384,149.42977353424902,5.832487088771103
361.48924097238313,146.67522582950738,7.529459084078989
397.4575396643138,151.43243181700885,11.146921119574081
361.6728614450352,147.69828498438275,4.865396591365727
396.6176132682966,162.28859730563198,1.1455218609765636
362.57604716679987,153.60650245263804,16.631791449660078
388.56205765723934,148.95610136885443,9.894261430833437
330.6109390825801,151.35327175269683,9.491774083832405
310.8844312003559,150.2640317287398,13.58826055058094
396.6556918405914,151.71224829973153,6.055969416107319
313.42637586206814,144.00079611162766,3.5362637760762023
330.55781401028736,145.73529231322064,10.790215486192483
351.8750245359772,151.32795321760614,10.828137472005457
359.5318119693866,149.7023429003259,11.406220132271416
374.74500885817247,149.76790964598314,10.374904317216163
369.4833991551707,148.98937051111793,10.536553976885177
338.4141496950052,145.05620886334626,10.690708825605103
373.2244416799612,144.46952283387557,2.7868665120151683
394.36290217879844,153.04304158080052,10.991711221376022
333.61070068216094,143.9572967306188,10.420458922402261
331.74233832311694,147.74745784785938,4.348752363342329
363.871371143501,146.3476717310451,7.040768481784207
303.9767242960894,147.40749832111538,6.990905191110598
331.0835486378752,153.46926742482853,5.720916872191903
333.1105853418843,151.38096036667787,11.056354676040087
354.01723856204984,150.93003427364064,5.763065095091853
396.60729685911576,151.50961767572113,6.599896061554102
387.6961550101252,148.0359601192383,11.476113206766628
302.4237210537376,154.49947210465274,12.559757589923725
355.6110860718073,144.25483077289746,13.46131982643009
352.72349948715663,150.95739140418382,9.370503893842795
372.8204876000776,149.30581705454645,8.205404786010702
352.48960214023526,156.63541258532868,12.66203187169998
335.9048240169974,150.33211482628096,5.504995968309325
398.18875627550335,150.4198444678547,15.847377813179257
373.7574618920038,143.77622674130922,11.067298786690307
342.2620605342315,145.4499872766844,15.026546820003883
324.74425880609056,149.39647510239757,8.646884011400724
369.8755389668999,150.87669412552555,1.7861715909459046
347.9202776388622,153.8062441104069,8.426416018572713
334.59077011983925,157.29224037668345,10.296628380480161
364.940359820499,155.37137510464706,8.770451743558473
346.96919172675035,149.9370765094162,2.013991720749961
318.133022388134,146.26364058022008,3.733742707132762
301.09425671336675,153.703069083967,12.840509692039614
335.21109734567386,150.61056778423026,23.18211331141806
347.746563684186,153.89878893315037,7.7485350847387755
336.3295403305004,155.6083166483203,8.264998964564672
376.55736880669065,150.2356357883001,4.733292620148791
350.34839670078924,149.2585842822125,8.679157883837016
398.65539778611196,149.22924241052309,10.111117117424469
337.5089864080378,153.66140040894763,18.967131984492823
352.37342479025756,152.10107035365982,8.570342340289779
315.2215527618854,153.41181903717626,5.302859546669342
326.9593569782129,146.69418353612284,4.079842255728401
330.93223527608154,155.03166459709766,6.084340652871953
381.4378332824374,145.40136531392278,12.207874506799152
306.2221690034812,146.35533013428105,7.40622737416195
315.4641906404243,143.61354541532026,8.499352914226517
330.7948939674463,151.7464265876973,4.677081461648934
336.47635656456885,156.04586281694594,9.86561965778369
320.9682249507703,143.33316107437483,8.870371615399318
383.9083888774128,148.610787898745,11.166971085242023
334.38343009559674,142.80118578994282,7.4819428736615965
371.535147564061,152.0400760522244,14.96597809637068
377.7946385516563,142.36545890501355,8.781761772596253
328.05520183045013,153.35081732542366,10.152245626808497
328.2463461311114,151.96777606493413,7.118560845077427
304.68290190713174,153.4015224631591,5.691769640668421
313.63038651870414,154.4558311023304,12.274737562919572
399.9307581528538,144.31463778241064,11.124029181392029
381.90264126798144,155.0266476047269,2.1352272894951203
392.22033074984864,146.1473831893961,15.994258439188322
332.09882776228164,150.57597650230537,15.56172933720658
304.1373678775352,145.28624612108794,3.1820493280331656
358.82333683000275,151.44914527774387,5.618800529070744
343.85775463784626,146.82267913122027,3.349035723411732
309.5555023103058,153.10453360803908,8.508405105572686
360.1198527083997,136.3877376912006,12.896170119984504
319.49085405979264,142.89949100636343,10.250017437103557
368.89421325541383,147.20711128162978,5.470598700859809
360.6355752892109,145.6935052901148,7.817066714143298
304.8199897586142,151.65007034653473,11.98423101969988
355.6521405140119,145.15426181773304,15.600498235183773
311.94846580769246,137.32415291665563,10.145628193472948
389.10788304583457,152.29161178763837,6.034896768223306
398.60026418020357,145.75253530886081,11.155724649141538
321.5441027438655,149.33524987273702,12.174785880240284
302.8873438847807,145.47105795487158,15.042996701512667
384.67451266064614,148.58440499691292,8.111784723884943
363.67155853640963,149.1838978197566,3.2041743020688997
371.13226761422277,152.2974721679393,11.586917331914313
311.35656999599337,148.67496150972656,18.968806222450933
376.4999516230899,148.2408455036075,6.085840106394363
361.52067460238396,150.36272312883045,7.097307332740101
302.5452857061746,153.5213042676519,9.062067524781568
353.8487417591116,148.1239787107759,3.539713889667378
350.0180058066368,151.93415808070728,19.35596104457897
324.2558292779426,154.65895165065277,6.607043764489257
341.17852004882474,141.36713191417854,4.25557387018695
324.94968207000386,146.70142766275882,11.233700671822797
300.04250096150366,147.5240723400875,13.983894613779576
347.9233689603282,155.30448633945787,0.9573484543111903
345.1877845082734,149.5660834138998,10.77369678475854
323.4187507657562,147.81047037776904,6.757121155010337
359.5819406118723,156.22609630791956,4.877979523807628
338.4570882994363,148.98677906334834,7.188096362444193
387.6831081180942,148.7487815213877,6.062945763367337
312.52628410839793,152.57481667318098,13.810045711382989
318.3874267964567,144.7546645289728,17.983225133816546
326.4497931723117,147.30385329525623,2.3911025962306116
388.580914181701,154.37312372219884,6.811811726303396
377.42539572520855,151.57384870032382,3.2462554928501834
347.9524802529851,149.33780636922188,18.800976067506163
350.2544783920668,142.64615198730598,19.242413889306448
337.77509647927445,149.35856334477063,9.91242036419783
345.6928892224626,154.07220129280665,4.203165584161461
336.85405718458196,142.327887921198,9.904413841965024
314.34318589581693,144.98275973939695,7.880054770540287
349.79413756707424,149.35158826134364,20.74689871725219
388.54608888816045,148.92104793452998,10.240344690170035
390.2986023669973,151.7791740547744,8.451994091004146
335.0666186854446,142.1053471936421,4.495682984750703
341.9992921379562,146.23756874101798,6.050535548030685
395.4150159791654,150.1299687636296,19.362808930229722
303.9637703645434,144.03480054009455,8.162866117311692
398.9919761397754,151.2698524509098,9.327304246805332
358.07928756284343,146.8462464753093,4.9778371039226785
362.8891624944711,152.00861712669172,3.943434495637428
362.74432133968827,142.30446164410307,16.810118101472753
341.0309970447804,146.9968104203791,21.9549831780466
318.61492190708526,147.05506580784765,24.440533007375375
337.03313242620504,155.01078651017528,2.398414029331506
328.9930206279487,148.90938009951464,13.668330650607409
306.97137507131947,145.35009802941764,12.541412477249306
320.39461952237315,147.09283094485824,2.8367988586424104
370.5014455972759,93.16868664759748,6.8833697872447015
381.658163887073,98.72916342171519,10.081080866854522
308.75046555140545,102.03015673922151,10.01444514790271
356.41829470922096,93.53007947318596,17.01155090719823
383.00815171205187,96.03215577548389,3.3849877052549937
340.5713833242908,102.24526611119266,2.9312756378877247
359.58462929683714,101.65325243392469,11.962834888743206
367.67641940222,103.41910273292058,9.838767134419973
381.38480152749355,96.47394783298486,7.326933087243435
382.76800530693004,103.0573795112525,6.4905227255229105
313.7603728857737,98.23756277192633,3.286663530933971
340.5294385772255,94.66609324417952,3.288555015933537
335.9338197030373,95.94371312491515,13.043054535305709
317.97830411524,102.16540433633706,12.018132770407252
349.49066967184496,95.51657874261957,5.7927866135939095
320.1347297550158,102.52600192931703,21.302606337564598
340.79317611209933,103.12396788522847,9.266649568889607
375.9203264485438,98.93579367962217,9.395775162567316
387.1150829552519,88.17283211944006,15.37232305643327
332.3181196979077,98.30169511293872,4.766371040269433
392.84315487128123,97.94953010661762,5.189099761100177
326.8797650851769,103.2977940525904,5.052366490884369
320.40956060805263,99.10210919587789,7.841996897852428
312.7559101970758,98.08732686416849,5.524742808871947
314.1707271189624,96.39140615351289,3.196764201396178
367.49773410172116,99.82787159493972,9.072993999419285
358.55695426312565,103.57545136464002,4.389000800604609
389.64247673272587,106.27900306020375,5.183733146108852
323.7700298623019,104.90357793653476,14.058337233357491
301.5813015527621,100.14283608151841,2.9605044425068714
388.90169750887924,101.55662036424036,3.4223028784719216
333.9223983622134,95.8677453772152,6.710765536028279
381.09284961321305,92.32330102671901,2.200087575716884
305.40835840034936,91.02954576484711,15.724017233759014
333.97195483184356,90.86330342142882,12.660243432853553
362.44115990629535,92.93448848352999,7.206855271549735
381.4026572518599,96.25670077065345,5.243007365404617
335.836467287713,103.96410843332534,9.203695315395983
302.7268342060968,96.29552509519107,13.849600532897087
354.27459546324303,100.07295045683654,7.317305564872055
314.29177407333015,97.34307817382435,4.93762327675102
315.71111370720894,92.39771039675125,12.104896024340954
334.56156342079896,99.05992876733178,15.794619236599555
326.07358621121557,102.43802905480136,6.551366960185574
366.4679797883368,93.32081848090841,3.69525751755959
362.96193082768946,102.61946392524857,17.58805033096446
341.6135915726201,99.81296163712638,11.492707042874763
338.51792966798604,96.21460185777768,12.488045175167981
316.5222755469017,98.9434493293317,16.241481258302404
326.02874976711075,101.66094890389506,6.335378196521064
344.66591565000704,105.11728443752467,14.627514716368973
372.67847314782244,101.28496187724855,9.582101104543755
310.8326448085139,104.96250548995349,11.564119583462057
307.57468490303614,96.74081695859277,14.410762812769832
354.9854003008873,91.66548804874515,6.6308046211268215
302.2929642963799,95.68025632252386,10.867923322644012
379.13151295910086,94.01654464396152,11.60440177205984
327.5262388695817,96.14349084790726,5.399488434279031
382.82762853369627,94.35415279230423,9.24718229846193
307.49256289655625,103.04232599775538,12.304720164760209
305.4564896891124,98.75212420268569,7.762483925333837
347.84321719873486,106.1003331607084,7.197753945136201
363.170177527048,96.58277305791258,4.421978126589081
318.41578434913754,104.9279693574779,14.928409584545351
376.75410196977225,97.30737265827538,19.906075449786307
357.97392147487733,94.93101692972655,14.74086588795079
334.6103750873977,104.5456861077912,3.9055599714759692
320.620130419726,93.68956533995667,4.975944112151115
361.01529955003434,95.8632607627902,12.31005005071993
312.7484252470134,97.62037400345518,5.0593589031369
375.02147960677615,103.20466914098387,5.4139943211644
390.7206907306421,108.88315936386356,14.377556339097218
347.0080972157809,100.2433052878171,5.8651762618919365
334.6216571970241,96.49489973239118,4.917310814820114
335.9684407815992,92.52958835586134,9.401063457544886
393.0986990949284,91.41999390209142,6.660440271422127
381.00746167744995,102.61240676690437,13.073861651229727
353.64019574891523,101.49973880863419,8.847300645154336
368.0448906659455,104.85762838420146,6.933101260663034
375.8942585679854,98.73053717025248,4.785840710109302
348.8363676275014,87.43046228936811,8.588394610989573
349.6841082886373,102.82106737332,11.01860439920029
317.19916735533343,102.84856604941356,19.998211032519883
379.9465081457954,92.6805354321142,2.2271404425697363
380.41280871896606,101.24212675113452,13.293668347849309
341.0892052870937,105.10980957630204,13.859547342680383
343.2696830587751,103.79645389969347,6.4361625581810955
310.0397488853215,102.0037143312732,3.0787003387414495
386.78952483964355,103.47208895455685,8.089846762249154
388.9929287155978,103.3425375446778,4.437281351565118
348.5015942416011,105.25851676605957,9.307114215619277
305.55030956022125,92.70436308033113,13.789073147990669
356.5144022886545,98.47341041394155,7.980231484919293
302.65199695619276,99.78639048815015,12.45803647235573
358.82884568833833,99.86381051026244,10.405167507976106
381.0292943237616,106.20623652857867,0.8253401993877413
385.33506523549795,109.0681332661777,4.9596060177917956
312.8918093774338,111.89148568472453,8.274757628962627
391.2305945775199,99.48488412872133,16.658110953931722
328.42324893411245,91.32476008448417,10.14992150016426
393.8462227878342,103.33362604448229,10.73726219407018
303.23330218300026,95.47816396502597,4.303554162049192
380.17169859265175,98.28909066612019,1.9748050055062374
373.9886158701685,110.44298541362323,2.4774494455383547
397.6477080076156,107.65228914710246,6.152291021709873
380.5831391339487,96.50232223189754,16.77328465933661
367.3001478370152,87.91000246198223,8.798358185284696
397.42499802649854,99.20265511369197,8.265621719089015
372.78554347125356,105.3587899905864,12.488266468744042
366.443275041022,104.84236204051477,6.404987285136418
386.632132630461,98.88364751278822,4.298830700931971
386.5871976397583,100.66076811723953,5.074530987818562
381.9767869656618,100.23391663915373,6.598906755264478
334.49685856458035,100.28509475247998,13.42547517163409
317.03907630984463,103.20644780772173,18.424698947442813
357.5712767002893,100.79317208430017,4.86993991570527
342.4521129534603,111.18918710348692,6.481405585166118
381.535137289701,103.22881730081843,16.029001224589898
331.03024317738846,89.91290822063468,13.03719458790054
364.53747918007934,94.41067530491952,8.363307618881244
381.4459096826057,95.54313664474066,3.98471234712546
352.84372767403323,98.93518552667136,9.805392011561581
311.0274198848319,97.98887442851135,2.4318487427945423
366.030979963676,95.35098793636267,3.835452714755779
310.9071216087725,105.5272068924325,8.329514056012616
301.95662433336213,106.02261220599279,5.921845223547379
308.8628463783379,93.72230735199368,13.483324275425394
396.3796931944435,94.20915628142676,7.214590912718515
312.8967483399829,101.0839439775983,5.758955376711254
390.6870838499429,106.41858696750907,6.3041571537028505
334.5276047249762,101.4652434670432,7.207499996226772
377.1200104183231,93.65005391481837,7.318173005561173
307.30844726583746,101.30846390529844,9.02745208059879
363.3153205132161,95.22221624078117,6.196738814527034
310.3529359724117,103.71453952220168,6.142733581103987
362.5505543959831,100.5129084499951,13.265981818420434
393.28499739251765,105.1850285049787,6.8575121749668
396.49444832090893,106.08505774685139,8.632376359661702
321.62749266226393,106.6602794024108,4.993418438405438
333.8928848155556,107.06617740173296,9.119113655755106
390.49261425344866,99.42100213627532,5.455986988612134
312.96892800916754,102.88916894466382,4.158608352922303
378.92875381976785,101.71572414230754,10.241054933352324
396.3010374511683,96.44123540347096,7.571471428727075
333.142645418228,94.46871775473863,2.1296472908483493
363.3322676156698,105.02263639150576,14.715116013420428
365.30238062581816,100.58846433994457,7.022253961493318
340.03865653086893,103.91350416450928,4.557523719779673
370.3763944468042,94.10115254807141,10.223911488553046
376.8213555072796,102.79620051520793,10.369116411344113
302.134888978691,101.19935217507707,8.643228993425371
325.7761596884667,87.80208886136322,12.701871038462736
368.48272336317575,104.46160439953154,7.6660273372982815
392.61698845404976,103.8990861065331,5.058869325542802
397.45468995815094,100.13201321632637,9.924892279472614
368.5193048894621,99.61589956379211,5.340562265758271
369.17884438031,104.85606506651425,6.998728173410987
354.87012705376765,99.6424493300254,13.672924791670338
384.19594542224365,100.16518395172977,5.149150688229619
396.0012784876114,104.84509465696648,9.967906818589224
365.0636078966667,102.35700050562473,9.349204757543118
384.91504021187956,102.48612970171538,7.822559013112156
380.40284835894477,103.32380120828479,13.58626226251268
371.64399135832,96.49072971866902,3.817409601406756
360.3560359036334,103.02251872951797,8.039395449696475
300.74064247197816,93.97314955186351,12.199314404862466
331.4704148204337,112.58140526893382,1.770618389548857
322.92652301184944,90.96960993546342,4.912442921226216
324.0996922327047,100.97922327532268,4.244113049517844
377.8541203566606,103.84082795573893,6.509450721287901
354.156936727546,100.55663836898572,4.066800142136837
359.1100024801233,101.02241276821964,7.658511940492344
395.9242350159818,109.46544261747204,10.673220029895885
309.7029261921279,97.02453189828556,6.955077728822525
369.005428906222,96.90678723804942,9.323028590320453
383.07318860532644,93.16582964356378,12.482582344738303
350.4772687753339,99.30254456989259,13.16494438541603
341.52323340930474,97.80025968346494,2.950003036083996
329.159058582193,91.99833761616796,4.761214265307689
315.81976795827063,106.89136153271316,10.404770662283589
357.7425903322993,102.05014203669832,5.12756380066806
322.4803104931018,93.74745068988116,2.0064456258222148
319.483398659603,98.47532279621028,4.306213492457249
318.8846184659108,97.24898935698891,13.398144582852375
345.43965858522415,100.28560984174338,8.874179457252886
379.3954598965864,96.82087055678016,3.6658748931829277
341.7529743633487,98.08640988698829,5.61367902991107
367.1182849829886,99.10713837000536,4.963521826577596
377.1030776207764,104.80731444980141,8.326948603127033
332.4964477862238,107.04940501548634,4.789471846646118
311.27671342806383,94.01795441388892,11.394272404474393
307.333045258618,107.73819275728655,4.564692899305421
321.02229028385887,110.83758712686807,8.142098918340478
336.6074633175131,99.49936669108331,7.139094344710036
396.5809510079263,94.92639703920688,4.092288701381854
359.0846216179125,105.71792126500365,11.971645511622146
341.48660546346036,101.03414944354854,5.344116053828388
370.36239943507974,100.67435349346536,3.645187433831359
374.7130128233696,100.4843724900112,9.40968714868666
363.75816029679817,96.73389548703969,6.293735307303489
389.79649506796784,98.70373897380499,7.478690541960292
399.71031183084074,87.3766210399291,8.022102684620116
366.16392605484117,107.12174476238009,3.1066440090754153
345.1516099004562,99.44012478178466,9.560840896401665
371.18293273068105,99.12351222700674,12.60845892161383
314.07884992159876,100.01240340832348,7.665689969273122
354.4002536014227,98.58220589694695,3.233755741470572
378.59453615397905,109.35366059527325,8.17162747980684
357.1936656318759,99.40862585631034,7.721754735276801
306.93042628538194,97.70105616616775,18.75772485057184
376.6926771761344,104.04222219430292,10.042746815500683
381.9039248217984,93.69931352756223,4.015554844706828
312.54166277128087,107.19578756755068,4.279117992399065
334.7872090257529,95.42473043085863,14.056517220006048
311.1639105386824,102.44810101216224,3.2205444615431995
348.33196065880986,98.39145114607997,2.5723463766102874
367.24607239553836,105.54525001407863,5.998446278018866
376.4375279531187,95.53386493292338,13.222851162745897
313.38530293990624,95.38339635983644,6.483577985389905
389.4124466016134,97.01155823305228,21.003391032935312
300.37614115953045,100.40414031450456,6.948611678764559
317.0852406887311,99.65852126070115,13.701902563713306
372.23269522498657,94.83849377381118,12.131733851925258
376.58721855740305,110.01286524633728,3.053832067039631
341.2902099912976,98.1867079027064,14.374231510883753
388.2816862720214,100.9419293316093,10.166616306234912
357.4593137878502,118.50816006319207,5.836297766244526
399.8238944421174,104.25799061007038,19.61833288971534
367.7563611291521,96.90817038093735,10.537925097980537
324.16347270193893,104.25280540011659,9.158399523211552
315.32079166089534,93.2853068481022,5.939883706994229
387.2968296647611,97.66866948356592,8.075922168742885
378.16371158015454,103.36909427782284,1.5616095615643644
300.1734008421226,101.76330522374266,11.302181916379869
323.0346742763951,97.48456145585021,21.178349767007134
316.0170693776036,96.77744006699837,6.485326889204634
329.3956869105572,95.11768960309148,10.186823105000535
385.5014760827759,96.7540758281875,6.49469426005754
386.48036692295284,104.74694619306453,13.623639822661058
390.56921738529513,88.88097813232649,13.434923663167607
322.04753564922817,105.04416096621048,7.084883810727445
347.391007675972,95.89022118993911,0.4509997599348971
358.7835273024132,100.59874459121875,7.296551372282211
316.28722872306275,93.33895942879013,7.564343607999483
363.8174120878111,99.08713544818829,6.9136758386886354
319.486545347909,97.30809327197713,6.219061136506325
372.9601473369836,96.86420070984923,7.578049299605656
315.32547715323346,97.80810145529952,18.875943696779224
388.10767905959835,104.00549984717165,8.235987398024308
331.66962807359334,94.50874334536886,10.353640791716447
382.68888822336544,106.8642763947223,10.298989935910884
373.9681455511489,99.17436320234795,2.614745240068397
364.57862467412576,93.48174415962654,14.526461267181627
305.3881305987783,93.46069942226048,15.202592993284563
392.64002482828295,96.7133961369501,12.609767170058822
337.40526238887946,98.54676571366171,16.96518914741459
387.4340525244817,99.86566840118033,12.526465828845712
361.7415991141181,100.07686177971588,2.9046718235899265
344.59548255934243,101.53445673128238,10.34380210570912
398.487342617101,96.8535785201996,14.479859637129326
319.26613596171035,95.49446866285486,20.28442649635483
367.2439933482286,94.22111785037393,3.0657391537653456
337.6690324393779,95.53441503567583,2.27449951977229
366.8410031934201,102.96423019256487,11.039800945249796
322.22559963375824,101.13524087560654,11.488459365345394
325.8229481261065,96.25686169369685,15.28088196799952
387.896952204704,100.60666769943472,1.6101145946104032
386.35737944733893,104.99364376952681,6.765480348370148
357.08431492166017,98.35199236597919,9.62386854894209
333.41158588866244,95.1347659160011,2.3567406525807786
321.7924092127203,105.73146037905794,5.821023307521683
350.0920119676503,100.98992921293386,16.361886387893243
318.1090170889032,100.13927577277302,11.180665799951296
398.9819323528943,97.51900220756279,11.587349395250827
344.84807845111874,110.92239007247947,6.525111020010776
349.92570746644765,95.97776756707103,13.70483842852614
301.80386442007875,95.98025608256549,12.921625802047862
334.28785293275456,92.30950918613377,16.04858060405695
352.61648599210446,102.62206357419842,10.673614567360787
342.59185472656543,106.15827281383254,10.939755197941425
302.7641110846983,100.37043886343949,11.60338635684428
372.70690268949915,97.71663587038123,8.871313436599461
388.24666617576133,99.5552534422096,2.616113997946733
396.3056561304531,109.59028688939094,15.142774187074824
325.9213458082768,93.99167936735009,9.917049353795543
353.2319760701283,96.4667409303288,7.006635452027447
393.20780629941885,98.65401539479635,10.558453724389697
356.77105406755646,106.56218112609126,6.737878113239009
372.03902637319686,111.16476555383149,6.900610791968079
339.542587050042,94.3914298318733,9.235275418107067
308.3994707068086,97.96574231002495,7.053165848375553
393.8999019706951,95.08860941213594,5.137210319906211
345.2517266856913,95.42331837261166,5.051859015184878
367.69826138388305,94.13230960384183,7.236092193109196
357.65174025530456,112.91780821040453,17.151267646763756
327.0585003978764,95.04241687154736,5.81953369671114
379.8714710300124,118.6204426479236,13.329955098374434
386.36371371377277,97.26559897875403,8.63570677326162
331.2692123799874,100.62328457624905,6.228514451975863
359.11978413091225,99.95350303030997,20.2111477251248
